product_template_id,product_public_category_id
18351,857
18353,857
18354,1198
18357,1212
18358,1212
18360,1208
18362,1208
18363,1208
18364,1208
18365,1208
18366,1208
18368,1211
18374,1208
18379,1211
18381,1211
18382,1212
18383,1212
18385,1208
18386,1208
18389,1196
18390,1196
18391,1196
18392,1196
18393,1196
18394,1196
18395,1196
18397,1196
18399,1196
18400,1196
18401,1196
18403,1196
18405,1196
18408,1196
18411,1196
18412,1196
18415,1196
18416,1196
18417,1196
18418,1196
18419,1196
18420,1196
18422,1196
18426,1196
18428,1196
18439,1196
18440,1196
18441,1196
18442,1196
18443,1196
18444,1196
18445,1196
18446,1196
18447,1196
18448,1196
18449,1196
18452,1196
18457,1196
18458,1203
18492,1198
18493,1198
18495,1199
18501,857
18525,828
18529,828
18532,828
18540,828
18541,828
18673,828
18680,828
18681,828
18694,828
18698,828
18727,828
18730,828
18732,828
18735,828
18736,828
18737,828
18738,828
18811,828
18821,814
18823,814
18826,810
18827,810
18828,810
18831,810
18832,810
18834,810
18836,810
18838,810
18839,810
18841,810
18851,810
18852,810
18853,810
18854,810
18855,810
18857,810
18858,810
18860,810
18861,810
18871,810
18872,810
18874,810
18879,810
18880,810
18886,810
18889,814
18890,810
18892,810
18893,814
18896,810
18900,810
18901,814
18902,814
18906,810
18907,810
18912,814
18916,814
18923,814
18926,814
18927,814
18928,814
18929,814
18934,813
18935,813
18940,817
18941,817
18942,814
18943,920
18947,920
18952,810
18954,814
18955,810
18956,810
18957,810
18958,810
18959,810
18960,810
18961,810
18962,810
18963,810
18964,810
18965,810
18966,810
18967,810
18968,810
18969,810
18970,810
18972,814
18973,814
18974,814
18975,810
18976,810
18977,810
18978,810
18982,814
18983,810
18984,810
18985,814
18986,814
18987,814
18990,812
18991,814
18992,811
18993,811
18994,813
18995,813
18997,813
18998,814
18999,814
19000,814
19001,814
19002,814
19003,814
19004,814
19005,814
19007,814
19009,814
19010,828
19015,1184
19018,1193
19020,1189
19021,1184
19022,955
19024,1184
19028,1217
19032,1181
19034,1181
19036,1217
19047,1189
19055,1191
19056,1191
19058,1191
19061,1191
19064,814
19068,920
19069,920
19071,814
19073,828
19076,834
19077,833
19079,828
19080,1183
19081,1183
19082,828
19083,828
19084,1183
19085,1183
19086,1183
19087,1220
19088,1183
19089,831
19090,1183
19091,1185
19092,1183
19093,1203
19095,1191
19096,1194
19097,1182
19098,1194
19100,1203
19101,1198
19102,1189
19103,1189
19104,1189
19105,857
19112,857
19115,1199
19116,1199
19122,1198
19123,857
19124,1200
19125,857
19127,1211
19129,1208
19130,1195
19135,1181
19136,1194
19142,1191
19143,1203
19144,1184
19145,1184
19146,1184
19147,1184
19148,1184
19149,1193
19150,827
19151,1194
19152,1194
19153,1194
19154,1194
19157,1184
19158,828
19159,1188
19160,1184
19161,830
19162,830
19163,830
19164,857
19165,1181
19166,1181
19167,1181
19168,1181
19169,1181
19173,1181
19174,1189
19175,831
19176,831
19177,1181
19178,1181
19179,1181
19180,1181
19181,943
19182,943
19183,943
19184,943
19188,833
19189,833
19191,833
19193,833
19194,833
19195,833
19196,833
19199,833
19205,74
19205,834
19206,74
19206,834
19207,74
19207,834
19208,74
19208,834
19211,74
19211,834
19215,834
19217,74
19217,834
19220,833
19221,833
19222,833
19223,74
19223,834
19224,74
19224,834
19225,74
19225,834
19226,834
19228,834
19231,1184
19232,74
19232,1184
19233,828
19234,828
19236,828
19238,1184
19241,1181
19242,1181
19244,1181
19247,1191
19248,1191
19249,1191
19250,1191
19251,1191
19253,1191
19254,828
19255,1181
19256,1181
19257,1181
19258,1181
19259,1181
19260,1181
19261,1181
19262,1181
19263,1181
19264,74
19264,1181
19265,74
19265,1181
19266,1181
19267,1181
19268,1181
19269,1181
19270,1181
19271,1181
19273,1181
19274,1181
19275,1181
19281,74
19282,74
19283,74
19285,74
19287,13
19287,17
19294,810
19295,810
19296,810
19297,810
19298,814
19300,810
19301,810
19320,810
19321,814
19322,810
19323,810
19324,810
19326,810
19327,810
19333,810
19336,810
19337,814
19351,814
19356,810
19361,814
19362,810
19364,814
19365,814
19368,814
19383,814
19386,814
19391,814
19392,814
19395,920
19398,947
19401,947
19402,947
19406,947
19407,947
19410,950
19411,950
19421,948
19434,948
19435,948
19436,948
19451,949
19453,949
19454,949
19457,949
19459,949
19461,949
19462,949
19464,949
19471,949
19472,949
19474,949
19478,949
19479,949
19483,949
19485,949
19486,949
19489,949
19491,949
19492,949
19493,949
19494,949
19495,949
19497,949
19500,828
19502,810
19504,810
19507,810
19508,810
19511,810
19512,810
19514,810
19518,920
19520,810
19521,810
19523,810
19526,814
19528,814
19529,814
19530,814
19531,814
19532,814
19533,814
19534,814
19535,814
19537,814
19542,810
19544,814
19545,814
19546,810
19547,810
19548,810
19550,814
19552,814
19554,814
19555,814
19556,814
19557,814
19558,814
19560,814
19561,814
19562,822
19563,810
19564,810
19569,814
19572,814
19574,812
19575,812
19576,812
19577,814
19578,814
19580,812
19581,811
19582,817
19583,811
19584,810
19586,822
19588,817
19589,817
19592,920
19598,974
19599,974
19600,974
19601,974
19604,974
19605,974
19607,974
19608,974
19609,974
19693,833
19694,833
19698,833
19699,833
19701,833
19702,833
19703,833
19704,833
19707,1181
19709,1189
19714,857
19715,857
19717,1208
19718,1208
19719,1211
19720,1211
19722,1211
19723,1211
19724,1211
19725,1208
19727,1211
19729,1213
19730,1208
19732,1211
19735,1208
19736,1208
19737,1208
19738,1208
19740,1208
19741,1208
19758,1181
19760,827
19761,827
19762,1181
19763,1181
19765,1199
19766,1199
19768,1199
19769,857
19770,857
19771,1199
19772,1199
19773,1198
19774,1198
19775,1198
19776,1198
19777,1198
19778,1198
19779,1198
19780,1198
19781,1198
19782,1198
19783,1198
19784,1198
19785,1198
19786,1198
19787,1198
19788,1198
19789,1198
19790,857
19791,857
19793,857
19796,857
19799,857
19800,857
19803,857
19804,1198
19805,1198
19806,1199
19807,1199
19810,1199
19811,1199
19812,1199
19813,1199
19815,1199
19817,1200
19818,1200
19819,1211
19820,1199
19821,1199
19822,1198
19824,857
19825,857
19826,857
19827,857
19828,857
19829,857
19830,1198
19831,1208
19832,1211
19834,1211
19835,1202
19838,1208
19839,1208
19840,1197
19841,1197
19842,1197
19843,1197
19844,817
19845,822
19846,817
19847,817
19848,817
19851,817
19852,817
19853,817
19858,817
19862,817
19863,817
19864,817
19865,817
19866,817
19868,817
19869,817
19870,817
19871,817
19872,817
19875,817
19882,827
19886,828
19889,828
19890,828
19895,1188
19896,1184
19898,1184
19899,1181
19900,1181
19901,1181
19903,1181
19907,1181
19908,1181
19940,869
19959,869
19960,869
19974,869
19977,869
19978,869
19981,816
19983,816
19987,815
19988,815
19991,815
19994,815
19995,815
20002,815
20004,815
20005,815
20008,815
20009,815
20012,815
20013,815
20020,815
20026,815
20032,815
20036,815
20038,815
20040,815
20042,818
20044,1185
20045,1187
20047,1187
20050,1184
20051,1188
20053,833
20054,833
20055,833
20056,833
20057,833
20058,833
20059,833
20060,833
20061,833
20062,833
20064,833
20069,964
20071,964
20073,1181
20083,1191
20086,1191
20087,833
20088,828
20093,1194
20095,1194
20098,833
20099,833
20100,833
20101,833
20104,975
20108,810
20109,810
20110,810
20111,810
20112,810
20113,810
20114,810
20115,810
20116,810
20117,810
20118,810
20119,810
20120,810
20121,810
20122,810
20123,810
20124,810
20125,810
20126,810
20127,810
20128,810
20129,810
20130,810
20131,810
20132,810
20133,810
20134,810
20135,810
20136,810
20137,810
20138,810
20139,810
20140,810
20141,810
20143,810
20144,810
20146,810
20148,810
20149,810
20150,810
20152,814
20153,814
20154,814
20155,814
20156,814
20157,814
20158,814
20159,810
20160,810
20161,810
20162,810
20163,810
20164,810
20165,810
20166,810
20167,810
20168,814
20169,822
20170,810
20171,814
20172,826
20173,826
20174,826
20175,826
20177,826
20186,827
20189,827
20194,832
20195,832
20196,832
20197,832
20198,833
20200,833
20203,833
20205,833
20206,833
20207,833
20208,834
20209,833
20210,833
20211,833
20212,74
20212,834
20215,74
20215,834
20216,833
20217,833
20219,833
20221,833
20223,833
20224,833
20225,826
20226,74
20226,834
20227,74
20227,834
20228,74
20228,834
20229,74
20229,834
20230,834
20231,74
20231,834
20236,869
20239,869
20241,869
20242,869
20243,869
20244,869
20245,869
20246,869
20250,869
20251,869
20254,869
20255,869
20256,869
20258,869
20259,869
20260,869
20261,74
20261,869
20262,74
20262,869
20263,74
20263,869
20264,869
20266,869
20267,869
20268,869
20269,869
20270,869
20274,869
20278,869
20279,869
20280,869
20284,869
20287,869
20288,869
20289,869
20290,869
20294,827
20295,827
20301,1191
20302,1191
20308,1194
20309,1194
20317,874
20318,874
20319,874
20321,1182
20332,1208
20350,937
20351,936
20352,936
20353,110
20356,814
20357,828
20360,857
20361,857
20362,828
20363,828
20364,829
20367,828
20368,857
20370,857
20371,831
20372,828
20373,1195
20374,1195
20375,857
20377,829
20379,829
20381,829
20382,829
20383,829
20384,829
20385,829
20386,829
20387,829
20388,829
20389,829
20390,829
20391,828
20392,828
20393,828
20394,828
20395,831
20396,829
20397,829
20398,828
20399,829
20401,829
20402,829
20403,829
20404,828
20405,828
20406,828
20407,828
20408,828
20409,828
20410,828
20411,828
20412,828
20413,829
20437,949
20438,947
20450,949
20460,834
20461,833
20465,833
20466,74
20466,834
20470,833
20490,833
20500,833
20501,833
20502,833
20503,833
20507,74
20507,834
20509,74
20509,834
20510,834
20511,74
20511,834
20558,976
20561,976
20562,976
20563,976
20564,976
20566,976
20570,976
20571,976
20572,976
20573,976
20579,976
20580,976
20581,976
20586,976
20593,976
20602,976
20604,976
20606,976
20607,976
20608,976
20609,976
20611,976
20612,976
20613,827
20622,828
20627,828
20630,1191
20632,1191
20633,1191
20636,926
20639,955
20641,1195
20642,1195
20643,1195
20644,1195
20645,1195
20648,964
20649,964
20650,964
20651,964
20652,964
20655,1220
20656,1220
20658,962
20660,1220
20662,962
20663,1188
20667,955
20669,1184
20670,1184
20670,1277
20671,1184
20672,1184
20673,833
20674,833
20675,834
20677,834
20679,1217
20682,1191
20684,1191
20690,1191
20695,1211
20697,1202
20698,1202
20700,1203
20702,1203
20703,1203
20705,1203
20706,1203
20707,1196
20708,1196
20709,1196
20710,1196
20711,1196
20712,1196
20714,1196
20716,1196
20717,1196
20718,1196
20719,1196
20720,1196
20721,1196
20722,1196
20723,1196
20724,1196
20725,1196
20726,1196
20727,1196
20730,1196
20731,1196
20732,879
20739,1184
20740,1194
20741,1194
20742,1187
20743,1184
20744,1187
20745,1185
20746,1184
20747,1184
20748,1184
20749,1187
20752,1182
20753,1184
20755,1187
20756,1188
20757,1188
20758,809
20761,812
20762,812
20770,815
20772,815
20777,815
20779,815
20780,815
20782,815
20784,815
20785,815
20786,815
20789,815
20791,815
20794,822
20795,822
20796,822
20797,815
20801,931
20805,870
20808,809
20810,1182
20811,1181
20812,1181
20813,1189
20820,1194
20822,955
20825,1194
20826,1194
20827,1194
20830,1194
20832,106
20833,106
20834,106
20835,106
20836,106
20837,106
20839,106
20840,106
20841,106
20842,106
20845,106
20846,106
20847,106
20848,106
20849,106
20856,833
20864,833
20868,833
20869,833
20870,833
20871,833
20878,833
20883,833
20884,833
20886,833
20887,833
20890,833
20891,833
20892,833
20894,833
20916,869
20918,869
20924,869
20927,869
20934,869
20935,869
20941,869
20944,869
20945,869
20946,869
20947,869
20949,814
21000,1182
21001,1193
21004,1189
21005,1184
21007,831
21009,1217
21015,1191
21028,942
21029,942
21030,942
21031,942
21032,942
21033,942
21034,942
21035,942
21036,942
21037,942
21038,942
21039,942
21040,942
21041,942
21042,942
21043,942
21044,942
21045,942
21046,942
21048,942
21049,942
21050,942
21051,942
21052,942
21053,942
21054,942
21056,942
21057,942
21058,942
21059,942
21060,942
21061,942
21062,942
21063,942
21064,942
21065,942
21066,942
21069,942
21070,942
21071,942
21072,942
21076,869
21079,869
21080,869
21081,869
21082,869
21083,869
21084,869
21086,869
21090,869
21091,869
21092,869
21094,869
21095,869
21096,869
21097,869
21098,869
21099,869
21101,869
21103,869
21104,869
21106,869
21107,869
21108,869
21109,869
21110,869
21112,869
21117,869
21118,944
21120,944
21126,944
21127,74
21127,945
21136,944
21141,944
21143,944
21145,944
21147,74
21147,946
21157,74
21157,945
21209,884
21217,831
21219,831
21220,831
21221,831
21224,974
21225,974
21226,974
21228,974
21229,974
21230,974
21231,974
21232,974
21235,974
21236,974
21237,974
21238,974
21239,974
21242,831
21254,944
21263,1198
21266,1208
21267,1208
21268,1211
21269,1211
21271,1208
21272,1208
21273,1211
21274,1211
21276,1208
21285,1211
21287,1208
21289,1208
21290,1211
21299,825
21304,879
21306,879
21307,879
21310,879
21311,879
21312,879
21314,879
21317,827
21318,827
21319,827
21320,827
21322,827
21323,827
21324,827
21325,827
21326,827
21327,827
21328,827
21329,827
21332,831
21333,831
21334,831
21335,831
21336,831
21347,857
21348,857
21351,857
21353,857
21354,857
21355,857
21356,857
21365,1184
21366,1184
21368,1181
21370,1181
21377,942
21380,942
21381,942
21382,942
21384,942
21385,942
21386,942
21387,942
21388,942
21389,942
21391,942
21393,942
21394,942
21396,942
21397,942
21401,942
21403,942
21404,942
21407,942
21412,942
21417,869
21419,869
21425,869
21426,869
21427,869
21430,869
21433,869
21435,869
21437,869
21443,869
21445,869
21446,869
21448,869
21449,869
21450,869
21451,869
21452,869
21453,869
21454,869
21459,815
21461,815
21465,815
21467,870
21468,871
21469,871
21470,871
21471,871
21472,871
21473,871
21474,871
21475,871
21476,824
21480,824
21481,824
21483,824
21484,831
21485,881
21490,881
21491,881
21492,881
21496,1183
21497,1183
21498,1185
21499,1194
21500,1184
21501,1184
21503,1181
21504,1181
21506,1191
21508,1191
21509,1191
21517,1194
21518,1208
21519,1202
21520,857
21521,1200
21522,1203
21523,1203
21526,1181
21527,1208
21528,1208
21529,1203
21530,1208
21531,815
21532,815
21533,815
21534,815
21535,815
21536,815
21537,815
21541,815
21542,815
21543,815
21545,815
21546,815
21547,815
21548,815
21549,815
21550,815
21554,815
21555,815
21561,815
21566,815
21571,810
21572,810
21574,814
21576,814
21577,814
21578,810
21579,810
21582,810
21583,810
21585,810
21586,810
21588,810
21589,810
21590,810
21591,810
21592,814
21594,810
21597,810
21598,810
21600,814
21607,878
21608,878
21609,878
21610,878
21611,878
21615,878
21620,878
21626,878
21628,878
21630,878
21631,878
21632,878
21633,878
21634,878
21635,878
21636,878
21637,878
21638,878
21639,878
21640,878
21648,1196
21649,1196
21650,1196
21651,1196
21652,1196
21653,1196
21654,1196
21655,1196
21656,1196
21657,1196
21658,1196
21659,1196
21660,1196
21661,1196
21662,1196
21663,1196
21664,1196
21665,1196
21666,1196
21667,1196
21668,1196
21670,1196
21671,1196
21673,1196
21674,1196
21675,1196
21676,1196
21681,1183
21682,1184
21683,1184
21684,833
21685,833
21690,955
21691,1181
21693,1189
21694,826
21697,1191
21703,1194
21704,1191
21706,1217
21707,1185
21709,975
21711,857
21712,857
21713,857
21715,857
21716,857
21718,857
21719,857
21720,857
21721,857
21722,857
21723,857
21728,1203
21729,1203
21731,1203
21732,857
21743,939
21744,942
21751,942
21754,942
21755,942
21757,942
21758,942
21759,942
21761,942
21762,942
21763,942
21764,942
21765,942
21768,942
21769,942
21771,942
21772,942
21824,1217
21840,821
21842,821
21844,821
21846,821
21847,821
21848,821
21851,821
21853,821
21854,821
21855,821
21859,821
21861,821
21867,821
21868,821
21869,821
21870,821
21871,821
21874,942
21875,942
21876,942
21877,942
21878,942
21879,942
21880,943
21881,942
21882,942
21883,942
21886,943
21887,943
21888,943
21890,943
21891,943
21892,943
21894,943
21895,943
21897,943
21898,943
21899,943
21900,943
21902,943
21903,943
21904,943
21905,943
21917,1187
21918,1187
21919,1187
21920,1187
21921,1187
21923,1182
21925,1194
21927,1194
21932,1182
21933,1188
21937,1181
21938,1181
21940,1181
21945,1203
21947,1203
21951,1202
21952,857
21953,857
21954,1212
21962,1209
21963,1211
21965,1213
21969,857
21970,1198
21971,1199
21973,1185
21974,1219
21975,1194
21976,955
21977,1184
21978,833
21979,833
21980,833
21981,833
21982,1181
21982,1277
21983,955
21984,1181
21985,831
21986,964
21987,1181
21988,1184
21989,1181
21990,830
21991,1191
21992,1191
21993,1191
21994,1194
21995,1194
21995,1277
21996,833
21997,833
21998,833
21999,833
22000,1217
22001,1198
22002,1203
22003,1203
22004,814
22005,944
22007,944
22008,944
22009,834
22011,945
22012,945
22032,945
22046,828
22048,828
22061,828
22067,869
22068,869
22069,869
22070,869
22071,869
22076,869
22078,869
22080,869
22082,869
22086,869
22088,869
22093,869
22095,869
22098,870
22099,870
22100,870
22101,870
22102,869
22104,874
22106,874
22107,874
22108,874
22109,874
22110,874
22111,874
22112,874
22114,975
22115,975
22116,975
22117,975
22119,872
22120,872
22121,872
22122,872
22123,869
22124,869
22125,869
22127,943
22130,943
22132,943
22133,943
22134,943
22136,943
22141,943
22142,943
22145,943
22146,943
22147,943
22148,943
22151,943
22153,943
22154,942
22155,943
22156,1188
22156,1554
22158,1184
22158,1554
22159,1184
22159,1554
22160,1184
22160,1554
22162,1181
22162,1554
22163,1181
22163,1554
22164,1191
22164,1554
22165,1191
22165,1554
22166,1194
22166,1554
22167,1191
22167,1554
22171,1184
22171,1554
22174,1193
22174,1554
22175,1184
22175,1554
22177,1208
22177,1554
22183,975
22183,1554
22200,857
22201,857
22202,857
22203,857
22205,857
22206,857
22209,857
22210,857
22212,857
22213,857
22215,857
22216,857
22217,857
22227,810
22228,810
22229,810
22230,810
22231,810
22232,810
22233,810
22234,810
22235,810
22236,810
22237,810
22238,810
22239,814
22240,814
22241,814
22242,814
22243,812
22244,812
22245,812
22246,811
22247,822
22249,926
22250,926
22251,926
22252,810
22253,810
22254,810
22255,1195
22262,857
22264,857
22265,857
22267,829
22273,829
22274,829
22275,829
22278,828
22279,830
22280,830
22294,1305
22299,869
22303,869
22304,869
22307,869
22324,828
22334,828
22336,828
22337,828
22338,828
22341,857
22344,857
22345,857
22347,857
22354,1208
22362,1208
22393,857
22394,1199
22395,1199
22396,1199
22397,1199
22398,857
22399,857
22400,857
22401,1199
22402,1199
22403,1199
22404,1200
22405,1200
22406,1199
22407,1199
22408,1199
22409,1199
22410,1199
22411,1199
22412,1199
22413,823
22414,823
22415,823
22416,943
22419,833
22420,833
22421,833
22422,833
22423,833
22424,834
22425,834
22426,834
22427,834
22433,834
22434,834
22453,831
22468,817
22471,817
22472,817
22473,817
22474,817
22475,817
22479,817
22480,817
22481,817
22482,817
22483,920
22484,817
22485,812
22486,942
22488,942
22489,942
22492,942
22495,942
22497,942
22498,942
22499,942
22501,942
22504,942
22535,1199
22536,1181
22539,1181
22540,1189
22541,1189
22543,1189
22544,964
22549,1181
22551,1181
22552,1181
22553,1181
22554,1181
22555,1181
22556,1181
22557,1181
22558,1181
22559,1509
22567,1509
22568,1509
22569,1509
22570,1509
22571,1509
22572,1509
22574,1509
22575,1509
22579,1509
22581,817
22582,811
22583,814
22587,810
22588,814
22589,810
22592,814
22593,811
22598,817
22604,814
22605,953
22606,953
22614,974
22615,974
22616,974
22617,974
22618,974
22619,974
22620,974
22621,974
22622,974
22623,974
22624,974
22628,860
22662,976
22668,976
22673,819
22675,819
22676,819
22678,819
22679,819
22681,819
22682,819
22685,819
22693,819
22694,819
22718,1202
22719,74
22719,1202
22720,74
22720,1202
22722,74
22722,1202
22724,74
22724,1202
22728,74
22728,1202
22729,1202
22730,1202
22731,1202
22733,1202
22734,1202
22737,951
22738,951
22761,1198
22762,1208
22763,1208
22764,1200
22765,1198
22766,1198
22767,857
22768,1208
22769,1208
22770,1208
22771,1208
22772,1208
22774,1200
22782,1198
22784,824
22785,828
22787,828
22791,828
22802,938
22803,938
22804,938
22806,953
22811,1208
22812,1208
22814,1208
22816,1208
22818,1212
22820,1208
22824,1211
22863,832
22870,857
22872,1200
22874,1208
22884,1208
22885,857
22886,1208
22888,873
22891,1182
22892,1182
22893,1184
22895,1181
22896,1184
22897,1184
22899,1187
22900,1182
22901,1193
22902,1184
22903,1188
22904,1184
22905,1182
22906,1182
22910,1181
22911,1208
22912,1208
22914,1208
22915,1211
22916,1211
22917,1211
22918,1211
22920,1211
22921,1208
22922,1208
22924,1208
22925,1208
22927,1208
22928,1208
22930,1208
22931,1208
22954,869
22956,869
22958,1305
22959,1305
22960,869
22964,1305
22968,1305
22969,1305
22972,869
22976,834
22981,834
22986,834
22987,834
22988,834
22993,943
22994,943
22995,943
22997,943
23001,943
23002,943
23003,943
23006,943
23012,943
23018,829
23023,1194
23024,959
23025,959
23026,959
23029,1194
23030,817
23031,935
23032,935
23033,817
23035,1183
23040,964
23047,830
23051,1181
23052,1181
23055,857
23066,857
23070,935
23071,935
23072,935
23074,817
23076,817
23077,817
23078,817
23079,817
23080,817
23081,817
23088,817
23091,815
23092,1185
23092,1456
23093,1183
23093,1456
23094,1183
23094,1456
23095,1184
23096,1184
23096,1456
23097,1184
23097,1456
23098,1182
23099,1182
23099,1456
23100,1219
23100,1456
23101,1219
23102,1189
23102,1456
23103,1189
23104,1188
23104,1456
23105,1188
23106,1188
23106,1456
23107,1188
23111,812
23112,812
23113,812
23114,812
23116,817
23117,814
23118,814
23119,824
23120,894
23121,1199
23122,1199
23123,1199
23124,869
23125,869
23127,814
23128,914
23130,826
23132,828
23134,857
23135,857
23136,857
23137,857
23140,857
23141,857
23142,857
23143,857
23144,857
23145,857
23147,1208
23148,1208
23154,106
23156,106
23162,106
23163,106
23164,106
23165,106
23168,828
23169,828
23170,828
23171,828
23172,828
23173,828
23174,828
23176,828
23177,828
23178,828
23179,828
23180,828
23181,828
23182,828
23183,828
23184,828
23185,828
23187,976
23188,976
23189,976
23190,976
23191,976
23192,976
23193,976
23194,976
23195,976
23196,976
23197,976
23198,976
23199,976
23200,976
23201,976
23202,976
23203,976
23204,976
23205,976
23225,869
23226,869
23227,869
23229,869
23230,869
23231,869
23232,869
23233,869
23234,869
23236,869
23237,869
23238,869
23239,869
23240,869
23241,869
23242,1305
23243,869
23272,825
23273,825
23282,827
23283,827
23285,827
23287,827
23288,827
23301,826
23303,826
23343,1203
23344,1203
23346,871
23351,871
23354,869
23355,869
23357,935
23358,935
23359,935
23360,874
23363,874
23364,874
23368,869
23369,869
23370,869
23372,869
23373,869
23374,869
23375,869
23414,1185
23414,1467
23418,1194
23418,1467
23423,1198
23423,1467
23424,1200
23424,1467
23428,948
23430,948
23432,872
23435,851
23444,857
23445,857
23446,857
23447,857
23448,857
23449,857
23455,857
23457,857
23458,857
23459,857
23460,857
23462,857
23464,857
23465,857
23466,857
23467,857
23468,857
23469,857
23470,857
23471,857
23472,857
23473,1199
23476,817
23477,817
23479,817
23482,817
23483,817
23485,826
23487,826
23492,874
23493,874
23494,874
23495,874
23496,874
23498,874
23500,874
23503,874
23505,834
23506,834
23507,833
23508,833
23509,834
23510,833
23511,834
23513,833
23514,74
23514,834
23515,834
23516,74
23516,834
23523,1187
23531,1203
23534,1203
23548,879
23549,879
23551,1214
23552,1214
23558,1204
23562,1214
23567,832
23569,974
23570,974
23571,974
23572,974
23574,974
23575,974
23576,974
23577,974
23578,974
23579,974
23581,824
23584,824
23585,824
23590,824
23612,825
23615,825
23619,826
23621,827
23622,827
23630,944
23643,1199
23652,1187
23655,1189
23656,882
23657,882
23660,882
23661,882
23662,882
23663,882
23664,882
23665,882
23669,882
23670,882
23685,1203
23688,829
23696,829
23700,830
23709,881
23710,881
23711,881
23712,881
23713,881
23714,881
23734,832
23736,832
23738,1181
23745,1198
23746,1204
23747,1204
23748,1198
23749,1198
23750,1198
23751,1208
23752,1195
23768,1214
23769,1214
23771,1214
23772,1214
23775,1200
23779,826
23780,826
23781,1181
23782,1181
23783,1181
23784,1181
23785,1181
23786,1181
23787,1181
23788,1181
23789,1181
23790,1181
23792,1181
23797,828
23807,817
23808,817
23809,817
23813,817
23814,817
23818,817
23820,817
23835,1195
23843,937
23844,937
23846,110
23881,86
23882,86
23883,86
23884,86
23885,86
23887,86
23891,826
23893,826
23895,1184
23896,1184
23898,1182
23900,1182
23907,1199
23908,1199
23910,1199
23913,1208
23914,1208
23915,1208
23916,1208
23917,1208
23918,1208
23948,1191
23953,1203
23954,955
23955,955
23961,964
23967,1203
23968,1203
23971,959
23976,976
23977,976
23978,975
23982,935
24000,74
24000,1203
24002,1203
24007,86
24009,86
24010,86
24012,86
24020,1202
24027,1202
24030,817
24031,817
24038,826
24040,823
24042,1202
24043,857
24044,1198
24045,823
24046,823
24047,823
24048,823
24049,823
24050,823
24051,823
24052,823
24053,823
24062,828
24067,976
24069,976
24074,976
24075,976
24076,976
24077,976
24078,976
24079,864
24080,864
24081,864
24082,864
24083,864
24084,864
24085,864
24086,864
24087,864
24088,864
24089,864
24090,847
24091,808
24092,809
24093,809
24094,809
24095,809
24096,809
24098,809
24100,809
24102,809
24103,1194
24107,1194
24108,959
24112,1184
24113,936
24116,1200
24117,1185
24118,1184
24119,955
24120,1193
24125,1194
24127,871
24128,980
24129,1183
24130,1220
24131,1185
24132,1184
24133,955
24134,1184
24137,1184
24138,1189
24140,1194
24141,1214
24144,1214
24147,1214
24148,1214
24149,1214
24151,1214
24156,942
24157,942
24158,942
24161,942
24163,942
24177,828
24178,828
24180,828
24181,828
24182,828
24183,828
24184,828
24185,828
24186,828
24187,828
24188,828
24225,1200
24226,1202
24229,1203
24230,74
24230,1203
24231,1203
24232,74
24232,1203
24233,1203
24234,1203
24236,1191
24237,1191
24239,1191
24241,1191
24242,1191
24243,1191
24246,960
24247,960
24248,960
24249,960
24250,960
24253,960
24256,980
24279,808
24280,809
24281,809
24282,809
24284,809
24285,809
24286,809
24287,809
24289,809
24291,1200
24292,1200
24293,1200
24294,1200
24296,1200
24297,1200
24300,826
24309,74
24334,893
24335,110
24336,914
24337,917
24338,110
24342,935
24343,935
24345,953
24346,953
24347,894
24348,106
24349,106
24350,106
24351,106
24352,106
24353,106
24355,106
24371,869
24372,869
24374,851
24375,1214
24377,980
24379,959
24380,955
24381,955
24388,110
24436,1185
24438,1188
24441,975
24442,975
24444,1184
24446,941
24447,941
24448,941
24449,941
24450,941
24451,941
24452,941
24453,941
24454,941
24455,827
24458,817
24459,828
24461,881
24465,808
24466,1214
24467,1214
24475,928
24481,946
24488,1220
24494,857
24497,1203
24500,883
24501,883
24502,883
24503,935
24510,1194
24514,814
24523,944
24524,1203
24525,974
24527,869
24529,869
24532,935
24533,935
24537,869
24539,869
24540,869
24542,869
24545,821
24554,106
24555,106
24556,106
24558,106
24559,106
24560,106
24561,106
24562,106
24563,106
24566,1188
24567,950
24569,1203
24580,828
24581,828
24582,828
24583,881
24584,817
24585,817
24586,881
24587,881
24588,881
24589,881
24592,887
24594,881
24595,881
24596,881
24597,881
24600,1200
24601,857
24602,1200
24603,1200
24605,1208
24607,1208
24608,1208
24609,1208
24640,869
24641,869
24642,869
24643,869
24644,869
24645,869
24646,869
24648,869
24649,883
24650,883
24652,883
24654,883
24655,883
24656,883
24656,1278
24658,1196
24659,1196
24661,1196
24662,1196
24663,1196
24664,1196
24665,1196
24666,1196
24668,1191
24670,1191
24671,1191
24671,1277
24672,1191
24673,1191
24676,809
24677,809
24678,809
24679,809
24680,809
24682,953
24683,953
24684,953
24685,826
24686,827
24688,827
24689,827
24691,827
24693,827
24695,874
24696,874
24700,874
24703,1181
24705,955
24709,1203
24710,1203
24712,809
24713,846
24714,809
24715,809
24716,809
24717,809
24718,809
24720,809
24721,864
24722,864
24723,864
24724,864
24725,864
24726,864
24727,864
24728,864
24729,864
24737,1208
24740,887
24744,894
24745,894
24746,894
24747,894
24748,820
24749,820
24750,814
24751,106
24753,936
24754,936
24755,936
24756,936
24769,830
24770,830
24771,830
24777,848
24778,874
24780,874
24784,881
24785,881
24787,828
24788,828
24789,828
24791,828
24793,874
24794,874
24795,874
24796,874
24797,874
24798,874
24799,874
24800,874
24801,874
24802,1182
24808,1182
24809,1181
24811,896
24812,896
24815,879
24816,110
24817,110
24818,917
24819,110
24820,77
24822,1203
24830,808
24831,808
24833,809
24834,809
24835,809
24836,809
24837,809
24880,955
24883,1196
24885,874
24887,874
24889,874
24890,874
24891,874
24896,894
24897,894
24901,869
24903,869
24907,869
24909,1181
24910,830
24911,830
24912,1194
24913,1194
24914,1203
24915,1200
24918,869
24919,872
24920,1305
24921,869
24922,869
24932,808
24933,808
24934,808
24935,959
24936,959
24937,959
24938,959
24939,869
24940,822
24941,822
24942,822
24943,823
24944,826
24945,824
24947,868
24948,816
24951,1198
24952,823
24953,823
24954,823
24955,823
24956,935
24957,935
24958,935
24959,935
24960,935
24961,935
24963,935
24964,808
24965,808
24966,808
24967,871
24968,871
24980,86
24982,86
24985,86
25014,1191
25015,1191
25018,935
25019,935
25049,974
25066,808
25067,809
25068,809
25069,809
25070,809
25071,809
25072,809
25073,863
25074,863
25075,864
25076,864
25077,864
25078,864
25079,864
25080,828
25081,828
25082,828
25083,828
25087,1184
25088,1184
25089,1185
25090,1194
25091,1185
25092,1181
25093,1181
25095,842
25096,842
25097,842
25098,842
25101,974
25103,1203
25104,1203
25105,1200
25107,1200
25115,86
25116,86
25117,86
25118,86
25120,86
25121,86
25122,1181
25123,1181
25124,1182
25126,1182
25129,809
25131,809
25132,809
25133,809
25133,1278
25134,953
25135,953
25136,1182
25138,1184
25139,1184
25140,1184
25141,1184
25142,1184
25144,1193
25146,1184
25147,1181
25149,1191
25150,925
25151,925
25152,925
25153,925
25155,943
25157,1184
25158,1187
25159,1181
25164,809
25165,809
25166,809
25167,809
25168,809
25169,809
25170,809
25171,862
25172,862
25173,862
25174,862
25175,862
25176,862
25177,862
25186,928
25187,928
25192,1188
25195,1182
25198,1187
25199,874
25200,874
25201,874
25202,874
25205,874
25207,86
25208,869
25209,869
25210,869
25211,869
25214,931
25218,931
25219,931
25220,848
25221,848
25222,848
25227,821
25230,821
25232,821
25234,975
25236,1181
25240,1181
25242,1194
25243,955
25244,1184
25245,1184
25246,1184
25247,1194
25248,926
25249,926
25250,926
25251,926
25253,926
25254,926
25255,808
25256,808
25257,808
25260,808
25261,808
25263,839
25264,839
25265,839
25266,839
25267,839
25268,839
25269,864
25270,864
25271,864
25272,864
25273,864
25274,864
25275,864
25276,883
25277,883
25279,883
25282,883
25285,944
25291,881
25295,881
25318,1200
25319,1200
25321,1181
25322,1181
25334,884
25335,884
25336,839
25337,839
25338,839
25339,842
25340,842
25341,842
25354,879
25359,925
25360,925
25361,941
25363,941
25368,870
25369,864
25370,864
25371,864
25372,864
25373,864
25374,864
25375,874
25379,874
25380,874
25381,1198
25387,823
25388,823
25389,823
25390,857
25391,1208
25394,883
25395,883
25396,883
25397,883
25399,864
25400,864
25401,864
25402,864
25403,864
25405,864
25406,864
25407,864
25408,864
25409,864
25410,864
25413,862
25414,862
25415,862
25417,883
25418,883
25419,883
25420,883
25421,883
25422,883
25423,883
25426,86
25428,86
25430,895
25431,895
25432,895
25433,895
25434,895
25436,1200
25438,1208
25445,945
25447,883
25449,883
25451,883
25454,835
25455,835
25456,835
25457,835
25459,883
25460,883
25461,883
25462,883
25464,874
25465,874
25466,874
25467,874
25470,1197
25471,1197
25472,1197
25473,1197
25474,1197
25475,1197
25478,870
25482,1202
25483,1202
25491,869
25492,869
25494,1203
25495,1203
25496,1203
25497,1202
25498,935
25499,935
25501,883
25504,883
25505,883
25506,895
25507,895
25510,895
25512,1199
25521,828
25522,828
25523,15
25524,911
25525,911
25526,913
25527,913
25528,980
25530,883
25532,883
25533,883
25534,883
25536,831
25537,831
25538,831
25539,831
25543,840
25545,840
25547,1188
25555,810
25556,810
25559,1199
25560,1199
25563,935
25564,935
25567,869
25578,827
25579,827
25580,827
25581,827
25582,827
25583,821
25586,821
25588,821
25591,899
25592,899
25594,899
25595,959
25597,955
25598,977
25599,836
25600,935
25605,1189
25607,896
25608,1198
25609,1200
25610,857
25611,1204
25612,1204
25614,809
25614,1278
25616,809
25617,953
25620,809
25621,809
25622,809
25624,86
25626,874
25639,955
25640,935
25641,935
25642,935
25643,935
25644,960
25645,960
25647,959
25648,959
25649,935
25650,951
25651,951
25652,951
25653,951
25655,951
25656,842
25657,842
25658,842
25659,842
25660,842
25661,842
25662,874
25663,874
25700,870
25701,870
25702,870
25703,870
25704,958
25708,886
25714,810
25716,814
25718,920
25719,1199
25722,1199
25724,835
25725,835
25726,835
25727,835
25734,864
25735,864
25736,864
25737,864
25739,837
25740,836
25741,836
25742,836
25743,836
25744,883
25746,883
25747,883
25751,815
25752,815
25753,815
25764,960
25766,86
25769,864
25770,864
25771,864
25772,864
25773,864
25774,883
25775,883
25776,883
25777,883
25778,883
25779,883
25780,883
25781,883
25782,883
25783,883
25789,862
25790,862
25791,862
25796,883
25798,883
25800,883
25803,883
25806,883
25808,883
25810,943
25811,943
25812,941
25814,874
25815,874
25816,874
25817,874
25818,874
25821,808
25824,869
25825,869
25827,869
25828,869
25836,809
25837,809
25838,809
25844,883
25845,883
25849,883
25850,883
25851,883
25852,883
25853,883
25868,1198
25870,953
25871,959
25872,935
25873,935
25875,809
25876,809
25877,809
25878,809
25884,958
25885,958
25886,883
25887,883
25888,883
25891,944
25894,808
25895,808
25896,928
25897,871
25902,870
25903,870
25904,895
25905,895
25907,895
25914,964
25915,964
25916,964
25917,964
25918,964
25924,864
25925,864
25926,864
25927,864
25928,864
25934,892
25936,892
25940,883
25946,86
25947,863
25948,917
25949,914
25950,110
25951,110
25952,110
25953,110
25955,895
25956,895
25957,895
25958,895
25960,864
25961,864
25962,864
25963,864
25965,924
25966,958
25971,849
25975,809
25976,809
25977,809
25978,809
25984,942
25985,942
25986,942
25990,925
25991,925
25992,925
25993,941
25996,959
25997,959
25998,957
25999,926
26001,926
26003,926
26007,1203
26009,842
26010,842
26011,842
26012,842
26013,842
26014,842
26015,842
26016,842
26017,842
26018,842
26024,935
26026,935
26027,935
26028,935
26029,842
26030,842
26031,842
26032,842
26033,842
26034,969
26039,874
26040,874
26041,874
26042,874
26043,874
26045,931
26047,931
26048,931
26049,959
26054,837
26056,837
26057,837
26058,837
26069,864
26070,864
26071,864
26072,864
26074,839
26075,839
26076,839
26077,839
26079,1203
26080,1203
26081,857
26082,857
26084,864
26085,864
26086,864
26087,864
26088,864
26089,944
26091,74
26091,945
26093,893
26094,893
26095,893
26096,893
26103,110
26104,110
26105,110
26106,935
26120,883
26121,883
26122,958
26123,958
26125,886
26126,886
26152,955
26153,955
26159,864
26160,864
26161,864
26162,864
26163,895
26164,895
26165,895
26166,895
26167,864
26170,864
26178,893
26179,893
26181,980
26182,835
26183,835
26184,835
26185,835
26186,862
26187,862
26188,862
26189,862
26190,864
26191,864
26192,864
26193,864
26194,884
26195,884
26196,884
26197,884
26198,883
26199,883
26200,883
26201,883
26202,960
26203,1202
26204,823
26206,959
26208,959
26210,77
26211,77
26213,77
26214,809
26216,809
26217,809
26218,812
26219,812
26220,812
26221,812
26222,864
26223,864
26224,864
26225,864
26226,914
26227,914
26228,914
26230,1188
26231,110
26232,917
26233,110
26237,980
26239,839
26240,839
26241,839
26244,1191
26246,945
26250,895
26251,895
26252,895
26253,895
26256,976
26257,976
26258,861
26259,861
26260,861
26261,861
26262,893
26263,893
26264,893
26265,893
26266,874
26267,874
26269,874
26274,864
26275,864
26276,864
26277,864
26278,864
26279,864
26280,864
26281,864
26282,1202
26287,900
26289,900
26290,839
26291,839
26292,839
26293,839
26294,908
26295,908
26297,908
26300,809
26301,809
26305,874
26306,899
26307,899
26308,899
26309,899
26310,871
26311,871
26312,871
26313,976
26314,1202
26316,1202
26317,883
26318,857
26322,959
26323,959
26325,883
26326,883
26327,883
26328,883
26329,899
26330,899
26332,899
26333,808
26334,808
26335,808
26336,808
26337,1181
26338,1181
26339,1181
26340,1181
26341,864
26342,864
26344,864
26345,864
26346,864
26347,864
26348,864
26349,874
26351,874
26352,935
26353,899
26355,899
26357,869
26358,869
26359,869
26360,869
26361,808
26362,808
26363,809
26364,809
26366,951
26368,952
26369,943
26370,943
26371,943
26372,943
26373,110
26374,110
26375,110
26376,934
26377,1203
26378,935
26379,935
26380,935
26384,871
26385,958
26388,958
26389,895
26391,895
26392,895
26394,893
26395,893
26396,893
26400,1200
26402,74
26403,74
26404,74
26405,895
26406,895
26407,895
26408,895
26409,895
26410,895
26411,895
26412,895
26413,1188
26415,980
26416,980
26420,944
26421,869
26422,869
26424,869
26437,957
26439,957
26440,958
26441,883
26442,883
26443,883
26444,883
26445,955
26446,1202
26450,842
26451,842
26455,74
26455,946
26456,945
26461,862
26462,862
26463,862
26464,862
26465,864
26466,864
26467,864
26468,864
26469,839
26470,839
26471,839
26473,839
26474,839
26475,839
26476,839
26477,808
26478,809
26479,809
26480,809
26481,899
26483,899
26485,839
26488,883
26493,864
26494,864
26495,864
26500,957
26501,883
26502,883
26503,883
26504,883
26505,808
26507,884
26508,884
26509,808
26511,808
26513,809
26514,809
26516,809
26517,864
26519,864
26520,864
26521,820
26522,820
26524,820
26525,864
26526,864
26527,864
26528,864
26533,838
26534,838
26535,838
26536,842
26545,842
26546,842
26548,842
26549,842
26550,842
26551,842
26552,842
26558,976
26559,976
26560,976
26561,861
26562,861
26564,861
26566,947
26570,957
26571,957
26572,957
26574,1203
26577,864
26578,864
26579,864
26580,864
26581,1203
26582,1203
26583,944
26584,945
26587,928
26589,977
26590,110
26591,951
26594,951
26598,1200
26602,874
26604,870
26605,870
26606,870
26607,870
26612,1208
26613,1203
26615,1199
26616,883
26617,883
26618,883
26619,883
26620,951
26621,951
26622,951
26625,864
26626,864
26627,864
26636,110
26640,864
26641,864
26642,864
26643,864
26644,893
26645,893
26647,893
26648,106
26652,864
26655,864
26658,974
26659,974
26660,883
26661,883
26663,883
26665,952
26667,952
26672,864
26673,864
26674,864
26675,864
26676,834
26677,834
26678,834
26679,834
26680,959
26681,959
26682,917
26683,917
26684,899
26685,899
26686,899
26687,899
26696,948
26697,950
26710,827
26722,842
26723,842
26724,842
26725,809
26726,809
26727,809
26729,809
26730,953
26731,809
26732,809
26733,809
26737,1203
26740,864
26741,864
26742,864
26743,954
26744,954
26746,935
26747,935
26748,887
26751,864
26752,864
26753,864
26754,1191
26755,959
26757,861
26758,861
26759,861
26760,972
26761,809
26762,809
26763,900
26764,899
26766,842
26767,842
26768,842
26769,842
26772,957
26775,823
26777,110
26780,861
26781,864
26782,864
26783,864
26784,837
26785,837
26786,837
26787,862
26788,862
26789,862
26790,862
26791,862
26792,862
26793,862
26794,862
26796,863
26797,863
26798,863
26800,952
26803,862
26804,862
26805,837
26806,836
26807,836
26818,1194
26819,1194
26820,883
26821,883
26825,1181
26826,874
26828,874
26829,77
26830,77
26831,77
26832,866
26833,866
26834,866
26835,808
26836,808
26837,808
26839,894
26844,821
26845,821
26850,945
26851,74
26851,946
26852,1208
26853,864
26854,864
26855,864
26859,914
26860,914
26861,914
26862,77
26863,77
26864,77
26868,828
26870,828
26871,953
26872,953
26875,110
26876,110
26878,893
26879,893
26881,914
26882,110
26884,914
26887,914
26889,864
26890,912
26891,912
26892,110
26893,110
26894,110
26895,864
26896,864
26897,864
26898,809
26899,809
26900,809
26901,874
26904,883
26905,883
26906,883
26907,883
26909,883
26910,883
26911,883
26912,883
26913,883
26914,883
26915,883
26916,809
26917,809
26918,809
26919,862
26921,862
26922,809
26923,809
26924,809
26929,810
26932,937
26937,838
26938,838
26939,838
26940,838
26941,838
26942,838
26944,883
26948,1184
26949,839
26950,839
26951,839
26952,900
26953,899
26955,839
26956,839
26957,839
26958,839
26959,839
26960,839
26961,839
26962,839
26963,839
26964,838
26965,838
26966,838
26968,883
26969,883
26970,958
26971,1202
26973,943
26974,943
26975,943
26976,958
26979,807
26979,1278
26980,807
26981,807
26982,895
26983,895
26984,895
26985,895
26988,809
26991,937
26992,937
26993,937
26995,884
26996,884
26997,953
27003,912
27004,912
27005,912
27008,1184
27009,870
27010,870
27011,870
27013,848
27014,848
27015,935
27016,935
27017,935
27018,828
27019,828
27020,828
27021,928
27022,928
27023,110
27024,864
27025,864
27026,864
27027,883
27028,883
27029,883
27030,809
27032,809
27034,888
27036,899
27037,899
27041,864
27042,864
27043,864
27044,809
27045,809
27046,809
27047,864
27048,864
27049,864
27050,1194
27051,1194
27052,1194
27053,824
27055,824
27056,952
27057,952
27058,952
27061,954
27062,808
27063,824
27064,1199
27067,892
27068,809
27072,916
27075,896
27076,884
27077,809
27078,809
27079,809
27080,883
27083,842
27084,842
27085,842
27089,935
27090,935
27091,935
27095,883
27096,883
27097,883
27102,862
27103,862
27104,808
27105,808
27106,808
27111,77
27112,958
27114,839
27115,839
27116,953
27118,110
27119,839
27120,839
27121,839
27122,899
27123,899
27124,899
27126,900
27130,892
27131,1198
27132,1200
27133,1208
27134,925
27137,1191
27138,1191
27139,1181
27141,86
27142,86
27143,895
27144,895
27145,895
27150,870
27152,895
27155,947
27156,928
27157,894
27158,980
27159,980
27161,968
27164,86
27165,110
27166,110
27167,860
27168,860
27169,860
27170,1203
27171,1203
27172,1203
27173,1208
27174,857
27175,935
27176,1199
27177,1199
27178,974
27179,959
27180,935
27181,935
27182,899
27183,899
27184,899
27187,937
27189,896
27190,896
27197,812
27203,110
27204,110
27205,110
27209,862
27210,862
27211,862
27212,863
27213,864
27214,864
27218,895
27219,895
27220,895
27221,15
27230,883
27233,77
27238,839
27239,958
27240,884
27241,884
27242,839
27243,839
27244,839
27245,864
27246,864
27248,951
27249,951
27250,951
27251,954
27252,954
27253,954
27254,883
27257,808
27258,808
27259,808
27260,862
27261,862
27262,862
27263,862
27264,862
27265,862
27266,862
27267,862
27268,862
27269,862
27270,862
27271,862
27278,935
27279,935
27280,935
27284,809
27285,809
27286,809
27287,864
27289,864
27290,810
27291,810
27292,810
27298,110
27299,864
27300,864
27302,817
27304,935
27310,860
27314,869
27316,869
27318,883
27319,883
27323,809
27324,809
27325,809
27327,809
27328,809
27329,809
27330,809
27333,835
27341,809
27342,809
27343,809
27344,866
27345,866
27346,866
27347,889
27350,895
27350,1278
27352,895
27356,863
27357,863
27358,863
27360,935
27361,935
27362,899
27363,899
27364,900
27365,847
27366,883
27367,883
27368,953
27376,935
27379,829
27381,884
27383,874
27384,874
27390,908
27391,908
27398,839
27399,839
27400,839
27402,839
27403,839
27407,896
27408,896
27409,896
27413,883
27414,883
27415,883
27416,809
27418,809
27420,895
27421,895
27428,110
27429,110
27430,110
27431,899
27432,899
27433,899
27434,899
27435,899
27437,883
27438,883
27439,883
27440,957
27441,870
27442,870
27443,914
27444,914
27445,914
27446,110
27451,848
27453,1181
27455,930
27455,1278
27459,839
27460,839
27461,852
27462,852
27463,852
27464,809
27465,809
27466,809
27467,1194
27470,820
27471,820
27476,899
27477,899
27478,899
27482,1185
27483,1194
27484,1184
27488,839
27489,839
27490,839
27495,862
27496,862
27503,931
27504,931
27505,931
27506,86
27507,86
27508,86
27509,809
27511,809
27514,814
27515,908
27516,908
27526,1200
27526,1529
27527,820
27528,820
27529,936
27530,952
27531,952
27533,871
27534,871
27535,912
27539,875
27540,875
27541,875
27542,899
27543,899
27544,899
27545,842
27546,842
27547,842
27549,882
27550,882
27551,842
27552,842
27553,842
27554,883
27555,883
27556,883
27563,809
27564,809
27565,809
27567,980
27568,935
27569,842
27570,842
27571,842
27573,861
27574,809
27575,857
27576,1203
27577,1203
27578,862
27579,862
27580,862
27584,952
27585,952
27586,952
27592,978
27593,1203
27594,935
27595,935
27596,839
27598,839
27600,110
27603,953
27605,1208
27606,1181
27607,1181
27608,1184
27609,828
27611,883
27612,883
27613,883
27620,911
27621,908
27622,908
27632,864
27634,864
27638,852
27640,937
27645,831
27646,831
27647,960
27648,960
27649,959
27650,809
27653,893
27654,893
27655,893
27656,952
27658,952
27659,871
27660,1181
27661,1194
27662,967
27663,967
27664,967
27665,866
27666,866
27667,866
27668,837
27670,837
27678,883
27680,883
27681,1191
27682,1191
27684,874
27685,874
27686,874
27687,848
27689,848
27691,909
27692,909
27693,976
27694,976
27696,883
27698,883
27699,110
27700,110
27703,839
27705,954
27706,954
27707,954
27708,958
27710,884
27711,809
27712,809
27713,861
27714,939
27715,86
27716,86
27717,86
27719,847
27720,847
27724,839
27726,839
27727,833
27728,833
27729,899
27732,918
27739,808
27740,808
27741,808
27742,889
27743,889
27744,889
27745,869
27746,908
27747,908
27748,908
27749,861
27750,861
27751,861
27752,864
27753,864
27754,864
27756,935
27757,934
27758,866
27759,866
27761,884
27762,884
27764,838
27765,838
27766,838
27772,110
27773,935
27776,883
27777,883
27778,883
27779,883
27781,883
27782,861
27783,861
27784,861
27786,861
27788,883
27789,883
27794,899
27799,864
27803,883
27804,883
27806,883
27809,862
27813,900
27814,900
27818,954
27819,954
27820,954
27831,945
27837,826
27844,880
27845,880
27846,880
27862,920
27870,826
27872,868
27878,832
27879,832
27881,974
27882,974
27889,879
27891,879
27905,842
27906,953
27907,953
27908,955
27911,945
27912,955
27913,955
27918,809
27919,809
27922,895
27923,895
27924,895
27925,895
27927,863
27928,862
27929,862
27930,864
27932,110
27934,952
27935,952
27937,874
27938,887
27943,954
27944,954
27945,954
27948,883
27949,883
27951,883
27952,862
27953,864
27954,954
27955,954
27956,954
27957,954
27958,954
27959,954
27960,954
27961,954
27962,1203
27963,1203
27964,814
27965,110
27966,847
27967,847
27968,863
27970,953
27971,953
27972,835
27973,835
27974,895
27975,895
27986,1203
27987,1208
27988,838
27989,838
27990,954
27991,954
27995,966
27996,862
27997,967
28001,863
28002,935
28003,935
28004,809
28005,809
28006,809
28007,809
28009,809
28010,896
28011,896
28013,896
28015,887
28016,899
28017,899
28018,895
28019,895
28020,864
28021,864
28026,809
28027,809
28029,861
28032,861
28033,861
28034,842
28035,842
28036,951
28038,954
28039,954
28041,908
28042,836
28043,836
28046,883
28047,883
28051,847
28052,884
28053,883
28054,895
28055,895
28056,864
28057,864
28061,930
28064,953
28065,953
28066,959
28067,959
28069,883
28071,883
28076,953
28077,953
28078,952
28079,952
28080,882
28081,882
28083,110
28087,930
28088,838
28089,838
28090,957
28091,957
28095,887
28097,110
28100,77
28101,77
28102,77
28103,77
28104,110
28105,110
28107,957
28112,883
28113,883
28114,957
28115,935
28116,912
28117,935
28123,914
28125,874
28127,1220
28129,863
28130,863
28131,937
28132,809
28133,809
28134,861
28135,861
28138,808
28139,809
28142,952
28143,952
28147,893
28150,1194
28151,1194
28152,828
28154,935
28155,935
28157,914
28161,914
28162,928
28163,914
28164,959
28165,959
28168,77
28170,110
28171,110
28172,864
28173,864
28174,864
28175,864
28176,813
28179,966
28180,864
28181,864
28182,864
28183,864
28186,893
28187,893
28188,110
28189,110
28190,813
28191,813
28192,864
28193,864
28194,86
28195,86
28196,935
28197,935
28198,883
28200,883
28201,883
28203,883
28204,883
28205,883
28206,883
28207,883
28209,883
28210,809
28213,969
28214,110
28220,883
28221,883
28226,954
28227,954
28231,945
28237,836
28239,875
28240,908
28244,875
28245,875
28249,908
28251,843
28252,883
28254,883
28255,883
28256,883
28257,883
28258,883
28261,883
28262,883
28264,954
28265,980
28266,935
28267,957
28268,935
28270,957
28273,913
28274,980
28276,842
28278,842
28279,886
28280,886
28281,110
28282,110
28285,1184
28287,110
28288,110
28289,110
28290,953
28291,953
28292,874
28294,935
28295,935
28297,953
28298,953
28300,848
28301,848
28302,894
28303,894
28304,870
28305,870
28310,830
28311,874
28312,900
28313,900
28316,953
28317,953
28319,953
28322,851
28323,852
28324,862
28325,862
28326,896
28327,884
28330,875
28331,875
28337,922
28338,808
28339,808
28340,911
28341,911
28342,883
28343,883
28344,862
28345,862
28346,954
28347,954
28348,883
28349,883
28352,935
28353,935
28356,838
28359,911
28360,77
28361,77
28362,955
28363,955
28364,954
28365,954
28366,957
28367,957
28368,847
28370,847
28371,849
28372,895
28373,895
28374,895
28375,895
28376,895
28377,895
28378,895
28379,895
28380,896
28382,896
28384,895
28385,895
28386,866
28387,860
28388,945
28391,897
28392,864
28393,864
28396,863
28398,896
28399,896
28402,957
28403,957
28405,839
28406,959
28407,959
28410,842
28411,842
28412,835
28413,835
28414,967
28415,967
28416,862
28417,862
28418,968
28419,968
28420,899
28421,899
28422,883
28423,883
28424,1199
28425,935
28426,819
28427,928
28428,838
28429,838
28433,894
28435,935
28436,935
28437,935
28438,959
28439,935
28440,848
28441,848
28442,931
28446,838
28447,838
28448,928
28449,110
28450,870
28451,870
28452,861
28453,861
28455,864
28456,861
28457,861
28460,900
28461,883
28462,900
28464,900
28465,900
28466,900
28467,900
28468,895
28469,895
28470,895
28471,895
28472,895
28473,895
28476,861
28483,848
28484,848
28485,883
28486,883
28487,864
28488,864
28489,863
28490,863
28491,954
28492,954
28493,862
28494,862
28495,864
28496,864
28497,908
28498,908
28499,944
28501,839
28502,839
28503,899
28505,899
28506,899
28509,862
28510,899
28513,954
28514,954
28515,838
28516,842
28517,874
28518,874
28521,968
28522,968
28523,809
28524,869
28525,835
28526,835
28527,899
28528,899
28529,899
28530,899
28531,958
28532,958
28533,900
28534,900
28535,811
28536,811
28537,1183
28541,899
28542,899
28544,808
28545,937
28546,937
28547,838
28548,838
28549,967
28550,967
28553,954
28554,954
28555,916
28556,917
28561,110
28562,110
28563,954
28564,954
28567,957
28569,948
28570,948
28573,957
28574,935
28577,912
28578,889
28581,980
28582,980
28583,953
28584,952
28585,887
28586,887
28587,110
28588,110
28589,835
28590,837
28591,883
28593,911
28594,911
28595,847
28596,847
28597,895
28598,895
28599,883
28600,883
28603,976
28604,976
28611,899
28613,838
28614,838
28615,86
28616,86
28617,839
28630,874
28631,110
28632,110
28633,935
28634,935
28639,1203
28641,895
28645,895
28646,895
28647,86
28655,967
28657,839
28658,839
28661,900
28662,900
28664,937
28666,953
28669,980
28672,110
28673,1208
28674,1208
28675,842
28676,842
28677,842
28678,842
28680,944
28681,883
28682,883
28684,869
28685,957
28686,957
28687,957
28688,957
28689,935
28690,935
28693,861
28694,861
28697,895
28698,895
28699,110
28700,110
28701,959
28702,959
28705,954
28706,954
28714,829
28715,959
28716,896
28717,77
28718,807
28719,954
28720,954
28721,968
28722,968
28725,875
28726,864
28728,883
28729,883
28730,895
28731,895
28732,847
28733,883
28736,861
28737,861
28738,917
28741,110
28742,857
28743,1203
28744,864
28745,864
28748,809
28749,809
28750,895
28751,895
28752,895
28753,895
28754,1219
28755,1203
28756,895
28757,895
28758,842
28759,842
28762,864
28764,863
28765,863
28768,884
28769,884
28771,884
28772,884
28773,884
28774,884
28775,884
28776,912
28780,958
28793,895
28794,895
28795,895
28797,869
28803,911
28804,913
28805,913
28807,957
28812,896
28815,860
28820,951
28821,951
28822,887
28823,887
28824,883
28826,893
28827,110
28828,957
28829,957
28832,839
28833,839
28836,957
28837,957
28838,809
28839,809
28840,883
28842,928
28843,928
28847,872
28848,951
28849,951
28852,110
28853,110
28854,839
28855,839
28856,896
28857,896
28858,886
28859,886
28861,884
28862,895
28863,895
28864,899
28865,899
28868,883
28869,883
28870,952
28871,952
28872,842
28874,954
28875,954
28876,883
28877,883
28878,954
28879,954
28881,839
28883,110
28884,954
28885,954
28886,883
28887,883
28888,913
28889,913
28894,917
28895,917
28896,1203
28898,862
28899,862
28900,862
28901,862
28904,864
28906,883
28910,1208
28913,866
28914,838
28915,838
28916,890
28917,890
28920,980
28921,980
28924,931
28928,808
28930,928
28936,959
28937,914
28939,1186
28940,871
28942,928
28943,914
28944,883
28945,883
28946,852
28954,809
28955,809
28956,890
28957,890
28961,875
28962,884
28963,884
28964,863
28965,863
28966,958
28967,958
28975,944
28979,889
28984,952
28988,809
28989,809
28990,808
28991,808
28992,959
28996,951
28997,951
29000,980
29001,827
29002,827
29003,954
29004,954
29006,1214
29007,808
29008,808
29009,809
29011,847
29012,883
29015,953
29016,953
29017,953
29019,808
29020,808
29025,808
29026,808
29027,808
29028,808
29029,808
29030,808
29033,864
29034,864
29035,861
29036,861
29039,896
29040,896
29042,876
29044,863
29045,899
29046,899
29047,1203
29048,1203
29051,930
29052,930
29053,864
29054,864
29055,955
29056,955
29059,900
29065,110
29066,110
29067,110
29068,110
29069,110
29070,110
29071,110
29072,110
29073,899
29074,899
29075,899
29076,899
29077,812
29078,868
29081,812
29082,814
29083,896
29084,896
29085,1201
29086,1201
29087,863
29088,863
29089,863
29091,953
29092,953
29093,808
29094,809
29098,1194
29099,967
29100,967
29103,862
29104,862
29105,895
29106,895
29107,895
29108,895
29112,917
29113,953
29114,952
29115,883
29116,883
29117,842
29118,842
29119,895
29120,895
29121,864
29122,864
29123,946
29124,944
29127,110
29128,110
29130,966
29132,912
29135,952
29136,952
29137,900
29138,900
29139,925
29143,925
29144,925
29146,807
29147,968
29149,1194
29150,935
29151,861
29152,861
29153,914
29154,914
29155,809
29156,914
29158,946
29159,884
29160,884
29161,869
29162,869
29163,930
29164,930
29171,86
29172,86
29173,1203
29174,1203
29175,899
29176,899
29177,935
29178,935
29179,959
29180,935
29181,899
29182,899
29183,959
29184,959
29191,807
29192,807
29193,823
29194,823
29197,912
29198,110
29199,821
29200,821
29201,77
29202,77
29205,899
29206,899
29210,829
29211,829
29214,883
29215,883
29216,960
29217,938
29219,1193
29220,86
29221,886
29222,1194
29224,878
29225,878
29226,861
29227,861
29230,86
29231,86
29233,110
29234,110
29235,110
29236,842
29237,842
29240,807
29241,807
29242,807
29244,960
29245,960
29246,955
29247,955
29248,1199
29250,900
29251,900
29252,838
29253,838
29254,863
29255,863
29256,875
29257,875
29258,809
29262,935
29263,935
29264,959
29265,959
29268,899
29270,899
29271,899
29272,889
29273,889
29274,842
29275,842
29276,952
29277,952
29278,864
29279,863
29281,831
29285,952
29286,883
29287,883
29288,808
29289,808
29290,838
29291,838
29292,883
29294,883
29296,883
29297,883
29302,864
29304,935
29306,895
29307,895
29308,809
29310,957
29311,957
29313,894
29314,935
29315,935
29319,809
29320,808
29321,809
29322,930
29323,930
29324,953
29325,953
29327,953
29328,86
29330,842
29331,842
29332,842
29337,809
29338,808
29339,959
29340,935
29341,935
29342,862
29343,862
29344,880
29347,862
29348,953
29349,953
29353,110
29354,928
29357,852
29358,74
29358,946
29359,74
29359,946
29360,860
29361,860
29362,842
29363,842
29368,951
29372,935
29373,935
29374,883
29375,883
29376,883
29377,883
29378,838
29379,838
29381,110
29388,874
29389,874
29391,110
29394,808
29395,808
29396,957
29397,935
29398,106
29399,106
29402,889
29403,889
29406,808
29407,808
29409,950
29410,935
29411,935
29412,842
29413,842
29414,895
29415,895
29416,889
29417,889
29419,807
29420,922
29421,922
29422,837
29423,837
29426,893
29427,893
29429,897
29430,893
29431,893
29434,864
29435,864
29437,883
29438,842
29439,842
29440,883
29442,852
29443,852
29444,908
29445,908
29446,951
29447,951
29448,106
29449,106
29450,899
29451,899
29452,896
29453,896
29455,857
29456,895
29457,895
29458,896
29459,896
29462,840
29463,840
29467,884
29469,862
29470,862
29475,955
29476,955
29477,978
29479,847
29480,847
29481,908
29482,908
29483,912
29484,912
29487,964
29488,964
29489,808
29490,941
29491,883
29492,883
29494,884
29495,883
29496,883
29499,883
29500,883
29501,883
29502,883
29503,883
29507,848
29508,848
29509,886
29510,886
29513,864
29515,930
29516,930
29517,952
29521,110
29523,930
29524,930
29525,808
29527,847
29529,849
29531,110
29532,110
29533,839
29534,839
29535,1184
29536,1184
29537,839
29539,842
29541,864
29542,864
29543,896
29544,896
29545,1203
29546,1203
29548,954
29548,1278
29549,883
29550,883
29555,864
29556,864
29557,875
29561,883
29562,883
29564,838
29565,842
29566,842
29567,847
29568,847
29572,935
29573,883
29574,883
29575,953
29577,869
29578,869
29579,883
29580,883
29581,807
29582,807
29583,971
29585,808
29586,810
29588,883
29589,967
29590,967
29591,889
29592,889
29593,1191
29595,839
29596,839
29597,864
29599,862
29600,862
29601,972
29606,980
29607,883
29608,883
29609,951
29610,952
29613,887
29614,887
29615,889
29616,889
29617,908
29618,908
29619,908
29620,908
29621,980
29622,980
29623,911
29624,908
29625,869
29627,833
29628,833
29629,895
29633,958
29634,886
29635,893
29636,893
29637,848
29641,110
29642,110
29643,928
29644,110
29645,928
29646,110
29651,883
29652,883
29654,852
29655,864
29656,864
29657,954
29658,954
29659,967
29660,967
29661,883
29662,883
29663,848
29664,848
29665,807
29666,807
29667,883
29668,883
29669,895
29670,895
29671,842
29672,842
29673,959
29674,959
29675,883
29677,883
29679,862
29680,862
29681,900
29682,900
29685,899
29686,899
29687,967
29688,967
29693,824
29698,948
29702,74
29702,945
29707,950
29713,1197
29714,1197
29715,939
29716,939
29720,947
29723,974
29733,829
29762,847
29765,841
29766,886
29768,955
29769,955
29770,955
29771,955
29773,955
29779,895
29781,958
29782,955
29785,808
29786,974
29788,807
29790,955
29791,883
29793,883
29794,899
29795,954
29796,952
29798,896
29799,955
29800,861
29801,894
29802,838
29810,110
29812,980
29813,1199
29814,954
29815,864
29818,847
29819,914
29820,864
29821,863
29822,808
29823,808
29825,944
29827,931
29828,900
29829,953
29830,77
29831,954
29833,935
29836,809
29838,809
29838,1278
29842,966
29843,110
29844,835
29845,895
29846,809
29847,953
29848,884
29849,837
29850,837
29851,864
29853,838
29854,864
29857,77
29862,86
29863,860
29864,980
29865,1202
29866,1203
29868,864
29869,908
29870,842
29871,889
29873,911
29876,809
29877,953
29879,110
29880,809
29883,935
29885,110
29887,897
29888,937
29889,852
29890,842
29891,869
29892,842
29893,966
29894,842
29895,837
29896,837
29901,848
29903,809
29904,809
29905,959
29906,809
29909,948
29910,808
29913,842
29915,951
29916,110
29919,861
29920,861
29923,864
29924,808
29925,837
29928,953
29933,814
29934,838
29935,15
29936,951
29938,912
29942,955
29943,883
29946,847
29948,899
29949,899
29950,883
29951,883
29955,935
29960,883
29961,958
29962,958
29963,944
29964,948
29965,955
29967,928
29968,827
29977,812
29979,930
29981,110
29982,883
29988,912
29989,840
29991,899
29994,77
29997,807
29999,951
30000,77
30001,959
30002,980
30003,807
30004,847
30005,889
30008,957
30011,809
30014,110
30015,110
30016,887
30020,957
30023,959
30024,110
30025,842
30027,958
30029,110
30030,110
30031,110
30033,841
30034,865
30035,958
30036,889
30037,860
30038,106
30039,848
30040,857
30041,1195
30042,870
30044,864
30045,935
30046,814
30049,914
30051,914
30052,861
30053,872
30054,1188
30056,110
30057,837
30059,935
30060,980
30061,914
30063,908
30064,957
30065,847
30066,847
30067,959
30068,808
30069,937
30070,953
30071,846
30072,953
30073,953
30074,953
30075,953
30076,952
30077,808
30078,935
30080,948
30085,951
30087,957
30088,899
30092,957
30094,953
30097,966
30098,959
30099,914
30103,914
30104,914
30105,914
30106,914
30107,86
30110,861
30114,893
30115,914
30116,893
30117,892
30119,959
30121,914
30122,914
30123,914
30124,937
30128,864
30129,884
30130,1194
30131,958
30134,808
30136,955
30137,935
30138,959
30139,839
30140,877
30141,966
30142,966
30143,934
30144,959
30145,864
30147,863
30148,863
30149,864
30150,863
30151,808
30152,110
30155,959
30159,813
30160,813
30165,966
30166,809
30168,953
30173,857
30177,883
30179,883
30180,809
30181,809
30183,110
30186,837
30187,835
30188,837
30189,837
30190,863
30191,837
30194,928
30197,953
30199,110
30201,945
30202,814
30205,885
30207,862
30210,937
30211,937
30212,937
30213,908
30214,957
30216,875
30219,861
30221,866
30223,884
30226,838
30227,838
30228,838
30230,896
30231,883
30232,966
30233,838
30235,936
30238,959
30240,883
30241,883
30244,861
30246,1184
30247,955
30250,953
30252,77
30255,955
30256,883
30258,980
30259,955
30261,77
30262,861
30263,861
30266,842
30267,110
30268,943
30271,77
30272,77
30275,842
30276,861
30280,953
30281,77
30285,841
30292,957
30295,893
30296,899
30297,893
30298,893
30299,864
30300,952
30301,808
30302,860
30303,953
30305,954
30306,977
30309,808
30311,863
30313,960
30314,935
30315,959
30316,935
30317,848
30320,848
30321,959
30322,925
30323,837
30325,862
30326,809
30328,959
30329,86
30331,899
30333,864
30334,957
30335,110
30339,862
30340,875
30341,869
30342,74
30342,945
30344,874
30346,935
30349,77
30350,847
30352,808
30355,875
30356,110
30357,953
30359,980
30361,860
30362,866
30363,77
30364,966
30365,900
30366,895
30367,885
30368,1204
30371,892
30372,840
30374,928
30376,875
30377,912
30378,839
30379,935
30381,911
30382,883
30383,899
30384,839
30385,895
30386,930
30387,807
30388,110
30391,914
30394,883
30396,110
30397,838
30399,847
30400,955
30402,959
30405,959
30406,77
30407,958
30408,913
30409,954
30410,954
30411,77
30412,889
30414,883
30415,849
30417,807
30418,807
30420,953
30421,807
30423,809
30425,77
30426,809
30427,895
30428,895
30429,895
30430,958
30432,895
30434,896
30435,893
30436,809
30438,809
30439,809
30440,809
30441,848
30442,897
30444,895
30446,955
30447,808
30450,968
30451,866
30456,807
30457,828
30458,864
30461,807
30463,809
30464,935
30465,883
30466,953
30467,900
30469,835
30470,835
30471,841
30472,841
30478,875
30480,866
30481,883
30482,883
30485,866
30486,928
30488,86
30489,847
30490,977
30491,899
30492,106
30497,912
30498,847
30499,847
30500,875
30502,911
30503,893
30504,866
30506,954
30507,954
30511,848
30513,110
30516,110
30517,809
30518,864
30519,848
30520,838
30524,883
30525,864
30526,945
30529,934
30530,77
30531,77
30532,944
30533,912
30534,875
30535,900
30536,808
30537,900
30538,900
30539,935
30541,883
30542,945
30547,875
30548,894
30549,894
30551,110
30552,883
30553,895
30554,936
30555,863
30557,883
30558,892
30559,952
30560,807
30562,848
30563,959
30565,875
30567,110
30568,967
30569,883
30570,110
30571,887
30572,899
30573,807
30575,890
30576,864
30578,883
30579,807
30580,875
30585,908
30586,908
30590,838
30591,838
30595,899
30596,110
30598,838
30599,899
30600,110
30602,952
30607,892
30608,77
30610,86
30611,894
30612,980
30614,955
30615,914
30617,110
30618,861
30620,953
30621,862
30626,1194
30627,960
30632,110
30633,953
30634,958
30637,828
30639,967
30640,875
30641,875
30642,957
30643,935
30645,975
30646,977
30648,86
30650,110
30651,86
30653,916
30654,86
30656,916
30657,916
30658,916
30659,916
30660,916
30662,110
30663,809
30666,862
30669,955
30672,809
30673,884
30674,896
30676,809
30677,974
30679,892
30680,883
30681,86
30682,866
30683,808
30684,808
30685,808
30687,930
30688,930
30689,884
30690,110
30691,809
30692,883
30693,883
30695,842
30697,848
30698,953
30699,848
30701,884
30702,953
30703,86
30704,842
30705,953
30708,847
30710,900
30712,1194
30713,875
30716,935
30717,952
30718,951
30719,957
30720,950
30721,895
30722,952
30724,883
30725,914
30727,864
30730,951
30731,953
30734,889
30739,873
30741,884
30742,958
30744,958
30745,960
30746,884
30749,895
30751,839
30752,839
30756,900
30757,893
30758,886
30761,900
30762,900
30763,900
30764,899
30765,899
30766,899
30767,899
30771,847
30772,847
30775,831
30776,959
30779,883
30787,864
30788,809
30790,977
30795,106
30797,110
30799,110
30800,895
30801,957
30804,895
30805,895
30806,953
30810,895
30811,892
30812,959
30813,871
30814,875
30816,876
30817,967
30819,937
30823,893
30824,953
30825,953
30826,953
30828,941
30829,977
30830,977
30831,980
30832,977
30833,980
30835,860
30836,86
30837,860
30840,928
30845,972
30847,883
30850,948
30855,809
30856,110
30857,110
30858,110
30861,110
30864,935
30866,838
30867,110
30869,959
30870,980
30872,883
30873,914
30874,110
30875,974
30876,808
30877,110
30878,954
30879,954
30880,866
30885,808
30887,848
30889,1181
30891,980
30893,848
30895,935
30897,928
30898,885
30902,875
30906,914
30908,809
30909,808
30910,869
30911,862
30912,86
30913,106
30914,837
30916,838
30917,110
30918,110
30919,110
30921,896
30922,106
30923,106
30925,889
30929,959
30930,934
30932,883
30933,883
30935,972
30936,952
30937,86
30938,951
30941,838
30945,884
30946,883
30947,847
30948,839
30950,952
30953,110
30954,110
30958,110
30959,957
30960,953
30967,1208
30968,900
30969,900
30970,874
30972,953
30973,953
30974,953
30975,959
30976,955
30977,946
30978,875
30979,809
30982,950
30984,883
30988,892
30990,911
30991,935
30994,110
31002,861
31004,935
31005,860
31008,110
31011,960
31016,808
31017,908
31019,883
31020,908
31021,883
31022,807
31023,1208
31024,935
31025,1208
31027,1208
31028,110
31029,1208
31034,809
31035,935
31036,809
31037,110
31038,110
31043,110
31049,883
31050,899
31051,980
31052,828
31058,955
31060,110
31062,946
31063,848
31064,980
31065,977
31067,841
31068,935
31069,917
31072,831
31073,864
31074,944
31075,1193
31076,870
31079,959
31080,110
31082,899
31085,883
31086,808
31089,839
31090,922
31091,864
31092,864
31094,954
31095,110
31098,894
31099,894
31100,808
31101,110
31103,86
31104,838
31106,957
31107,1184
31108,875
31111,839
31112,935
31113,862
31114,875
31115,875
31116,110
31117,895
31118,908
31119,883
31120,883
31121,883
31122,863
31123,980
31124,893
31126,835
31129,937
31130,808
31131,884
31133,884
31134,884
31135,817
31136,809
31138,862
31139,862
31141,862
31144,864
31145,864
31146,941
31148,110
31153,862
31155,864
31156,980
31157,896
31158,110
31159,110
31161,110
31162,953
31166,809
31167,954
31168,864
31169,1208
31171,809
31172,809
31174,886
31175,808
31176,848
31184,935
31186,875
31189,930
31191,828
31193,959
31195,980
31197,914
31198,863
31201,813
31203,808
31206,808
31207,835
31208,937
31210,914
31211,955
31214,955
31216,977
31217,857
31218,875
31219,1191
31222,911
31223,864
31225,809
31226,959
31227,895
31228,808
31230,808
31233,893
31234,900
31236,86
31240,851
31242,870
31243,110
31245,899
31246,954
31248,809
31249,835
31254,893
31256,893
31257,952
31259,883
31264,884
31265,937
31266,977
31267,883
31270,807
31271,978
31272,808
31277,952
31280,914
31288,837
31289,110
31293,110
31294,824
31297,892
31299,957
31300,977
31301,838
31302,838
31305,77
31307,837
31308,864
31309,935
31310,864
31311,883
31315,959
31316,980
31317,848
31318,847
31319,883
31320,980
31321,884
31322,838
31324,808
31325,868
31327,900
31329,814
31330,900
31331,900
31332,900
31334,900
31336,883
31338,883
31339,977
31344,892
31345,953
31346,953
31348,899
31349,953
31350,958
31351,1186
31353,808
31354,808
31356,828
31360,837
31361,930
31366,957
31367,864
31371,864
31372,864
31374,864
31375,953
31376,883
31377,847
31378,890
31379,884
31380,883
31381,1203
31383,838
31386,839
31387,110
31389,846
31390,809
31394,896
31399,110
31402,899
31403,958
31405,828
31406,833
31407,959
31408,838
31410,959
31411,875
31417,835
31418,808
31419,977
31421,864
31422,864
31423,864
31424,848
31425,977
31426,848
31427,875
31430,935
31431,874
31437,870
31438,809
31439,935
31448,935
31450,958
31453,958
31454,838
31455,917
31456,935
31457,932
31458,848
31460,848
31461,948
31462,809
31463,883
31464,847
31465,842
31467,842
31468,957
31470,848
31471,848
31473,848
31474,913
31475,928
31476,953
31477,110
31478,899
31479,110
31480,938
31481,110
31482,957
31483,1200
31484,848
31486,884
31487,953
31487,1278
31488,848
31489,848
31490,847
31491,847
31493,846
31494,848
31496,925
31497,942
31499,842
31500,922
31502,925
31503,848
31505,849
31506,848
31507,848
31508,954
31510,848
31512,925
31516,1198
31517,861
31518,908
31519,959
31520,937
31521,937
31523,937
31524,884
31529,953
31533,809
31534,808
31535,808
31536,914
31537,914
31538,844
31540,843
31542,870
31543,870
31545,977
31547,866
31549,110
31551,837
31552,847
31554,977
31556,978
31557,808
31560,809
31561,928
31562,935
31563,959
31565,976
31568,1211
31569,935
31570,899
31571,899
31573,86
31574,809
31575,935
31576,896
31577,899
31578,841
31579,841
31580,809
31581,838
31584,1185
31587,953
31588,828
31590,872
31595,953
31596,953
31598,86
31599,883
31600,1203
31601,843
31603,953
31604,899
31605,883
31606,1203
31607,808
31610,957
31611,110
31612,847
31614,848
31615,847
31616,809
31617,110
31620,838
31624,894
31629,895
31630,951
31632,861
31637,861
31638,861
31639,861
31640,861
31645,941
31649,953
31651,895
31652,863
31653,957
31655,911
31658,934
31659,894
31663,1208
31664,972
31665,842
31668,808
31669,959
31672,808
31674,848
31677,916
31680,875
31681,914
31682,913
31684,936
31685,935
31686,77
31688,912
31689,959
31691,912
31692,912
31694,912
31695,912
31697,912
31698,883
31699,864
31700,884
31701,110
31702,808
31704,899
31705,894
31706,842
31707,842
31711,959
31712,894
31715,809
31716,882
31717,890
31719,847
31720,959
31721,937
31725,899
31733,841
31734,841
31735,864
31737,883
31738,863
31739,914
31740,917
31742,969
31744,809
31745,835
31753,959
31754,937
31756,935
31757,808
31759,838
31760,966
31761,875
31763,845
31766,110
31767,889
31769,930
31770,892
31771,957
31772,110
31777,820
31778,908
31779,884
31782,957
31783,980
31785,959
31786,830
31788,809
31789,953
31791,953
31796,974
31799,1200
31800,960
31801,861
31806,808
31808,908
31809,935
31812,914
31814,1200
31815,972
31817,980
31818,980
31819,960
31820,928
31824,110
31825,809
31826,808
31828,110
31829,110
31830,863
31831,895
31832,808
31833,820
31834,852
31835,86
31837,811
31840,808
31841,899
31842,77
31843,77
31845,930
31849,927
31850,864
31851,959
31854,895
31855,935
31858,842
31861,1201
31862,935
31863,884
31868,959
31869,1202
31870,935
31872,110
31873,935
31875,894
31879,838
31881,935
31882,935
31884,838
31885,74
31885,946
31886,1203
31889,935
31891,833
31892,883
31893,841
31895,959
31900,908
31902,912
31903,957
31904,826
31905,110
31908,958
31910,893
31911,892
31913,862
31914,953
31915,953
31916,841
31918,953
31920,838
31922,957
31926,874
31930,106
31935,848
31936,809
31938,1200
31940,908
31941,953
31942,953
31945,839
31948,1203
31950,869
31951,863
31952,953
31955,893
31956,893
31957,893
31958,893
31959,893
31960,893
31964,908
31969,914
31970,808
31972,838
31975,838
31976,957
31978,842
31980,875
31981,908
31983,809
31984,896
31985,893
31987,899
31988,861
31989,110
31999,1191
32001,917
32002,110
32004,838
32005,870
32006,952
32007,1181
32012,912
32014,895
32015,955
32018,86
32019,883
32021,908
32022,847
32025,838
32029,928
32030,912
32031,912
32033,935
32034,911
32036,883
32038,866
32039,966
32042,110
32043,977
32044,875
32048,839
32049,864
32050,872
32051,809
32052,886
32053,864
32054,809
32060,953
32061,847
32062,952
32064,875
32065,875
32066,883
32072,110
32073,883
32075,871
32076,861
32077,861
32078,861
32079,877
32085,893
32089,958
32092,958
32095,893
32097,847
32098,110
32099,955
32101,889
32102,954
32103,939
32105,937
32106,809
32107,862
32109,110
32113,895
32114,895
32116,847
32119,980
32120,899
32121,955
32122,884
32125,892
32126,866
32127,884
32128,895
32130,810
32131,883
32132,864
32133,913
32134,77
32136,913
32138,893
32139,110
32140,848
32141,953
32143,977
32144,838
32146,863
32147,808
32148,883
32149,889
32152,896
32153,953
32155,953
32156,953
32157,953
32158,884
32160,847
32162,899
32163,899
32164,899
32166,808
32167,883
32172,883
32173,884
32175,883
32177,952
32179,937
32183,928
32184,967
32186,959
32187,967
32189,889
32190,870
32194,971
32199,875
32201,935
32202,980
32203,809
32204,980
32205,980
32207,839
32208,839
32209,886
32210,950
32211,886
32212,980
32213,884
32214,884
32216,884
32218,959
32219,809
32221,883
32222,930
32223,908
32224,908
32226,908
32227,911
32228,908
32229,808
32230,866
32231,866
32232,1181
32233,959
32234,809
32235,863
32240,953
32242,838
32243,838
32244,860
32245,866
32246,935
32247,838
32249,893
32250,980
32252,925
32253,809
32255,935
32256,952
32257,883
32259,852
32261,953
32262,944
32265,847
32266,914
32266,1278
32269,838
32270,895
32272,895
32273,884
32274,968
32275,837
32276,935
32277,843
32278,110
32280,960
32282,908
32283,977
32287,110
32290,808
32291,110
32292,110
32294,935
32296,809
32297,900
32299,900
32302,884
32305,77
32307,958
32309,935
32310,951
32311,952
32312,953
32313,911
32315,953
32317,1188
32319,847
32320,847
32321,847
32324,967
32326,912
32328,110
32333,847
32334,838
32337,941
32338,977
32339,828
32341,851
32342,864
32343,1188
32344,809
32345,954
32348,899
32349,110
32350,838
32351,955
32352,955
32353,883
32354,886
32355,886
32357,957
32358,959
32362,914
32364,77
32366,959
32367,917
32368,959
32369,809
32371,884
32372,896
32373,899
32379,883
32380,954
32381,110
32382,862
32391,814
32392,810
32412,868
32422,948
32423,830
32437,857
32449,831
32450,831
32455,882
32477,940
32491,882
32502,1196
32511,857
32523,824
32526,1196
32527,810
32528,810
32529,810
32530,810
32531,810
32532,810
32533,810
32534,810
32537,810
32539,810
32540,814
32541,814
32542,814
32543,810
32544,814
32545,814
32546,810
32548,814
32549,814
32550,814
32552,814
32553,814
32555,814
32556,814
32557,810
32558,814
32563,935
32571,1191
32571,1277
32573,1185
32574,955
32575,1193
32579,964
32580,965
32581,1187
32582,1182
32583,1187
32584,1187
32585,1187
32586,1187
32587,1187
32588,1187
32589,964
32590,964
32595,1191
32596,1184
32597,1194
32601,955
32602,1184
32609,828
32609,1554
32613,828
32614,828
32615,833
32616,1205
32621,1188
32621,1480
32622,1188
32622,1480
32623,1193
32623,1480
32624,1203
32624,1480
32625,1198
32626,1203
32626,1480
32627,1208
32628,965
32628,1480
32629,1188
32629,1480
32630,1184
32630,1480
32631,833
32631,1480
32637,976
32638,975
32639,975
32663,823
32666,823
32714,823
32740,1184
32752,1181
32759,1194
32761,1191
32762,1191
32765,955
32766,1181
32793,1188
32800,831
32807,1184
32811,1199
32812,1214
32813,1214
32814,1214
32815,1214
32816,1199
32818,1200
32819,1208
32820,1214
32822,1214
32863,1202
32863,1529
32864,1189
32864,1529
32866,1208
32866,1529
32869,1188
32869,1529
32873,955
32874,1208
32875,1203
32876,1200
32878,1191
32879,1183
32881,1184
32884,857
32885,1203
32886,1203
32887,1203
32888,822
32889,822
32890,822
32891,822
32892,822
32893,822
32894,822
32905,1198
32906,1208
32907,1203
32909,1203
32911,1200
32916,870
32917,1203
32918,1203
32919,1189
32920,1189
32921,1189
32922,948
32923,935
32931,852
32933,852
32938,852
32942,852
32944,852
32945,852
32947,852
32952,852
32959,852
32962,974
32966,852
32969,852
32979,1210
32980,1208
32982,857
32983,857
32984,974
32985,974
32986,974
32994,974
32997,1188
32999,1210
33002,1210
33003,1200
33004,829
33005,829
33006,829
33009,829
33012,1181
33014,1181
33015,1210
33028,1194
33029,1194
33032,1184
33033,1194
33035,1194
33040,1184
33041,1184
33042,1184
33044,1184
33045,1184
33050,1188
33058,1196
33060,1196
33063,949
33065,1189
33066,1191
33067,1189
33069,1189
33071,1208
33073,1191
33074,1191
33075,1191
33077,1194
33079,834
33083,1184
33084,1187
33085,1188
33088,964
33096,1184
33097,915
33103,916
33104,916
33105,915
33107,915
33108,915
33110,915
33113,1194
33121,976
33124,976
33125,976
33126,976
33211,1194
33213,1184
33214,1194
33215,1203
33219,1184
33220,1196
33224,1196
33225,1196
33227,1196
33230,1196
33232,1196
33234,964
33235,916
33236,1208
33243,827
33249,823
33257,1208
33259,1208
33260,1208
33261,823
33267,823
33275,1184
33276,1184
33277,1203
33278,1184
33279,1203
33299,1208
33303,1207
33304,828
33306,1185
33307,1208
33308,1193
33309,1184
33314,1203
33315,1208
33316,1208
33317,1188
33318,1184
33319,1193
33329,823
33330,823
33331,823
33332,823
33333,823
33334,823
33344,944
33345,944
33352,823
33353,823
33354,823
33356,823
33357,823
33358,823
33359,823
33362,945
33376,828
33382,1199
33383,1199
33384,944
33396,828
33398,828
33399,828
33421,828
33425,828
33432,828
33433,828
33436,828
33437,828
33438,828
33440,828
33441,828
33442,828
33443,828
33444,828
33445,828
33446,828
33448,828
33449,828
33450,828
33451,828
33452,828
33453,828
33454,828
33455,828
33456,828
33457,828
33458,828
33459,828
33461,828
33462,828
33464,828
33465,828
33466,828
33467,828
33468,828
33469,828
33470,828
33472,828
33473,828
33475,828
33476,828
33478,828
33479,828
33480,828
33481,828
33482,828
33483,828
33484,828
33486,828
33490,828
33517,828
33522,828
33524,828
33531,1187
33552,1184
33556,74
33556,834
33559,834
33560,833
33562,834
33563,834
33564,833
33574,832
33575,832
33577,832
33578,832
33583,832
33584,832
33589,832
33598,832
33603,944
33606,944
33607,944
33612,944
33618,944
33639,1198
33640,1208
33641,857
33642,870
33643,944
33644,833
33649,833
33654,833
33664,833
33669,1191
33697,828
33700,828
33701,960
33705,828
33706,828
33718,1203
33719,1189
33720,1189
33721,1181
33722,1189
33723,1189
33728,828
33745,828
33747,830
33750,827
33751,827
33752,1181
33753,832
33754,930
33759,828
33760,832
33775,947
33779,974
33785,947
33786,947
33787,1203
33790,823
33792,823
33794,1182
33795,1188
33796,1188
33798,1182
33800,833
33802,834
33803,833
33804,833
33806,74
33806,834
33807,74
33807,834
33808,834
33810,834
33811,828
33814,828
33816,828
33817,828
33818,1207
33820,828
33821,1207
33822,1207
33823,1207
33824,828
33826,828
33827,828
33829,828
33830,828
33831,828
33832,828
33833,828
33834,828
33840,828
33841,828
33842,828
33844,828
33845,1207
33846,828
33847,828
33848,828
33849,828
33850,828
33851,828
33852,1207
33853,828
33854,828
33857,828
33858,828
33859,828
33860,828
33861,828
33862,828
33863,828
33864,1207
33865,828
33866,828
33867,828
33868,828
33869,828
33870,1207
33871,828
33872,828
33873,828
33874,828
33875,1207
33876,1207
33877,1207
33879,1207
33880,1207
33881,1207
33883,828
33884,1207
33885,1207
33886,1207
33887,1207
33888,828
33889,828
33890,828
33891,1207
33892,1207
33893,828
33894,1207
33895,1207
33896,1207
33897,828
33898,828
33899,1207
33900,828
33901,1207
33902,1207
33903,828
33904,1207
33905,1207
33906,828
33907,828
33908,828
33909,1207
33910,1207
33912,828
33914,828
33915,1207
33916,828
33917,1207
33918,1207
33919,828
33920,828
33921,1207
33922,828
33923,1207
33924,1207
33925,828
33926,828
33927,828
33928,828
33929,828
33930,1207
33932,828
33933,828
33934,828
33935,828
33936,1207
33937,1207
33938,1207
33939,828
33940,1207
33941,1207
33942,1184
33948,1189
33949,955
33950,1189
33951,1189
33953,915
33954,893
33955,1194
33955,1277
33956,1184
33961,1184
33961,1554
33964,828
33965,828
33972,1203
33973,823
33975,1188
33975,1480
33976,1184
33981,1188
33982,1184
33986,1185
33987,1194
33988,1198
33989,856
33990,1202
33995,1184
34000,1217
34001,1184
34002,1205
34003,1217
34004,1181
34005,1185
34006,955
34007,1189
34009,1181
34010,1194
34011,1194
34012,1194
34020,1203
34023,1184
34025,1194
34027,955
34028,1184
34032,962
34034,1191
34036,1188
34038,828
34042,1183
34043,1183
34044,1187
34045,1187
34072,1184
34073,1194
34074,1184
34087,1193
34087,1467
34088,1184
34088,1467
34089,1191
34089,1553
34090,1191
34090,1553
34091,1184
34091,1467
34092,1188
34092,1467
34094,1184
34094,1467
34111,823
34119,1194
34120,1191
34120,1456
34121,1188
34123,1188
34138,870
34140,1187
34141,1187
34147,810
34148,823
34152,814
34154,810
34157,810
34161,810
34171,822
34172,810
34173,810
34174,822
34176,822
34177,822
34178,822
34179,822
34182,822
34183,822
34184,822
34185,822
34186,822
34200,1189
34202,1208
34211,828
34212,1191
34213,1184
34216,1191
34217,1191
34229,942
34231,1181
34232,1181
34237,816
34241,828
34242,1205
34243,828
34252,815
34261,916
34262,916
34263,916
34264,916
34266,870
34267,870
34268,870
34269,870
34274,1183
34287,871
34289,870
34290,870
34291,870
34293,945
34298,826
34304,826
34322,1208
34323,1198
34325,1208
34326,1203
34327,1198
34328,1208
34340,828
34342,828
34343,828
34344,828
34345,828
34347,828
34348,828
34351,828
34352,828
34354,828
34355,828
34356,828
34357,828
34358,828
34360,828
34361,828
34362,828
34363,828
34364,828
34365,828
34366,828
34367,828
34368,828
34369,828
34371,828
34381,828
34384,962
34385,1191
34386,1191
34388,1188
34401,826
34406,832
34408,832
34409,832
34419,1191
34420,1191
34429,1194
34438,870
34440,870
34442,1219
34443,1219
34451,834
34452,857
34461,1208
34462,857
34464,1208
34465,1184
34469,1194
34470,1191
34471,1191
34472,1191
34475,1182
34479,826
34480,1182
34481,826
34482,826
34483,826
34484,1182
34491,826
34492,1182
34494,1189
34497,1189
34498,1198
34500,1182
34501,1182
34511,1182
34512,1182
34514,1194
34515,1194
34516,1182
34520,832
34547,948
34564,1509
34565,1509
34566,1509
34567,1509
34568,1509
34569,1509
34570,1509
34571,1509
34576,826
34578,814
34579,814
34581,814
34583,814
34585,814
34586,814
34589,814
34591,814
34592,814
34593,814
34594,814
34595,814
34597,814
34598,814
34599,814
34603,814
34604,814
34612,814
34616,814
34618,814
34620,814
34621,814
34622,814
34623,814
34624,814
34625,814
34626,814
34627,814
34628,814
34631,814
34634,814
34635,814
34636,814
34637,814
34639,814
34640,814
34642,814
34643,814
34644,814
34645,814
34647,814
34651,814
34656,814
34660,814
34661,814
34662,814
34667,814
34672,1208
34673,857
34675,1208
34678,857
34679,1212
34680,976
34704,1189
34705,1189
34706,1189
34707,1184
34708,1184
34709,1184
34710,1184
34711,1189
34712,1189
34713,1189
34714,1189
34715,1189
34716,1188
34725,1208
34726,1203
34727,1208
34727,1277
34728,1198
34728,1277
34729,857
34734,74
34734,1208
34735,74
34735,1208
34737,74
34737,1208
34740,943
34741,943
34742,943
34751,834
34753,823
34754,943
34765,1194
34774,1191
34786,1208
34788,838
34792,943
34799,829
34800,828
34807,1209
34808,971
34810,866
34811,827
34813,827
34814,838
34816,860
34826,823
34827,856
34828,814
34829,826
34830,1208
34838,826
34840,826
34841,826
34842,826
34843,826
34844,826
34851,110
34852,953
34855,826
34858,908
34859,931
34860,866
34861,1208
34862,1208
34864,1208
34866,1208
34871,827
34873,827
34890,847
34892,863
34894,962
34895,861
34902,1188
34905,861
34906,1194
34915,911
34922,1203
34924,1208
34925,1208
34964,952
34966,809
34967,809
34970,883
34972,1208
34998,966
35001,980
35023,883
35024,808
35025,110
35026,944
35027,889
35028,946
35033,1208
35034,842
35035,1208
35036,1208
35037,826
35039,828
35040,966
35041,826
35042,911
35043,848
35044,847
35045,828
35047,1198
35048,1194
35049,828
35052,1191
35055,1198
35057,828
35058,1198
35060,826
35063,946
35064,1198
35065,1198
35067,1208
35071,1208
35073,809
35075,1203
35079,1198
35080,1198
35082,828
35085,74
35085,848
35086,74
35086,833
35087,808
35089,826
35095,833
35101,1198
35102,1198
35103,1198
35104,1198
35110,864
35112,828
35116,828
35120,828
35123,828
35124,828
35133,862
35134,945
35135,866
35136,828
35138,1181
35139,862
35143,1206
35144,1206
35145,953
35149,1196
35155,977
35156,977
35158,953
35159,892
35164,828
35165,1208
35170,949
35172,949
35173,949
35174,949
35175,949
35176,949
35202,949
35204,949
35205,949
35206,949
35207,949
35208,949
35209,949
35211,949
35212,949
35213,949
35227,878
35228,878
35230,944
35233,878
35238,822
35239,966
35240,878
35266,826
35267,826
35268,826
35270,828
35271,828
35273,828
35278,839
35283,828
35287,828
35292,828
35293,839
35294,828
35299,828
35326,808
35327,1208
35328,1208
35333,1208
35334,1208
35335,1208
35336,1208
35337,826
35349,980
35384,1208
35386,834
35388,949
35389,834
35401,974
35407,1208
35412,864
35414,917
35415,1208
35416,864
35419,1208
35420,1208
35422,883
35432,1184
35434,1185
35435,830
35436,1188
35438,1191
35439,828
35440,1194
35441,1211
35442,1211
35443,1211
35444,1184
35444,1277
35445,1220
35446,944
35449,833
35452,828
35454,828
35455,828
35456,828
35457,828
35458,828
35459,828
35460,828
35463,826
35466,827
35467,827
35469,827
35471,935
35472,827
35473,1208
35474,1208
35475,1208
35476,862
35477,875
35478,945
35480,1208
35482,848
35483,828
35484,1208
35485,1208
35486,1208
35493,110
35494,77
35495,935
35496,935
35498,826
35502,815
35504,815
35505,827
35510,827
35514,815
35516,857
35522,809
35524,827
35526,908
35528,857
35529,1198
35531,1208
35538,828
35539,828
35541,828
35542,828
35543,828
35545,828
35547,828
35548,828
35551,828
35566,828
35567,828
35568,828
35569,828
35571,828
35575,828
35576,828
35577,828
35581,828
35582,828
35583,828
35584,828
35585,828
35588,828
35591,828
35592,828
35593,828
35594,828
35596,828
35597,828
35598,828
35599,828
35601,828
35604,828
35606,828
35611,1191
35613,828
35618,827
35619,827
35620,826
35621,827
35634,834
35668,828
35680,870
35681,870
35683,870
35686,870
35687,870
35690,870
35692,870
35693,870
35695,815
35696,815
35698,815
35699,815
35701,826
35702,826
35703,826
35704,826
35705,826
35707,830
35707,1480
35708,955
35708,1480
35724,833
35728,833
35730,826
35734,826
35735,826
35742,851
35745,809
35754,809
35755,942
35758,1194
35759,935
35760,935
35761,942
35762,942
35767,828
35775,928
35779,839
35784,106
35813,815
35814,815
35815,815
35816,815
35830,1208
35833,1198
35841,857
35847,952
35848,943
35859,839
35860,823
35861,875
35862,1181
35863,814
35864,875
35865,1208
35866,1208
35867,814
35868,110
35869,839
35870,1208
35871,826
35872,826
35896,1208
35921,74
35921,935
35928,954
35931,961
35933,935
35934,833
35943,828
35946,957
35948,828
35958,1184
35960,957
35961,980
35973,836
35993,74
35993,834
36008,895
36019,1208
36021,1208
36023,861
36028,1208
36029,1198
36031,838
36036,1184
36048,1203
36049,1203
36050,964
36051,964
36052,1181
36053,1203
36054,1203
36055,1198
36056,1208
36057,1203
36058,1208
36059,1198
36060,893
36061,1191
36063,1181
36064,1181
36070,1194
36073,1194
36075,1194
36075,1277
36079,1194
36080,1194
36081,1194
36082,1194
36083,1194
36085,74
36085,1208
36086,74
36086,1203
36087,74
36087,1208
36096,857
36098,1208
36099,1208
36100,1208
36101,1208
36102,1208
36103,1208
36104,857
36105,964
36107,895
36108,862
36109,1198
36110,895
36116,1181
36121,964
36122,964
36123,964
36124,964
36127,1181
36128,1181
36138,857
36140,841
36142,74
36142,857
36143,935
36144,935
36145,86
36146,86
36147,839
36149,1194
36150,1194
36151,1189
36152,1203
36153,1203
36154,1217
36155,955
36158,1191
36159,1188
36160,828
36161,945
36166,832
36168,832
36170,832
36175,832
36177,857
36178,857
36179,857
36180,857
36181,857
36184,834
36185,834
36189,945
36190,832
36192,832
36193,945
36194,832
36195,832
36196,1188
36197,815
36198,941
36199,1191
36199,1435
36200,1194
36200,1435
36211,870
36213,870
36214,870
36215,1200
36215,1435
36216,1199
36217,1200
36225,108
36237,816
36241,827
36242,1181
36243,1184
36244,1194
36246,870
36250,870
36251,870
36255,1208
36262,1200
36271,857
36272,1200
36273,1181
36274,976
36280,1194
36281,822
36297,1184
36304,816
36308,815
36312,881
36314,1191
36316,879
36318,1191
36319,1184
36320,1184
36322,1203
36323,1203
36325,1185
36325,1467
36326,1200
36326,1467
36328,1220
36392,832
36440,1200
36440,1435
36441,1208
36441,1435
36442,1200
36442,1435
36443,1204
36444,1204
36445,1204
36447,1204
36448,1204
36449,1204
36450,1204
36451,1204
36462,976
36464,941
36465,1184
36465,1529
36466,1185
36466,1529
36467,828
36469,828
36518,828
36542,1185
36543,1202
36544,1184
36546,1185
36550,1204
36551,1204
36552,1204
36554,1204
36555,850
36556,850
36557,850
36558,1203
36559,1188
36559,1467
36561,1191
36562,1191
36563,1191
36564,1191
36565,1191
36566,1194
36568,1194
36569,1196
36570,1196
36571,1196
36573,1196
36577,819
36578,1189
36579,1189
36580,1184
36580,1435
36588,1188
36589,1184
36592,870
36593,870
36594,870
36598,870
36600,955
36601,1188
36602,1184
36603,1188
36607,1188
36608,1198
36609,819
36610,915
36610,1431
36611,915
36617,833
36619,110
36620,108
36621,1196
36622,878
36623,1214
36626,883
36627,883
36628,883
36629,883
36637,975
36638,975
36640,850
36641,850
36642,850
36643,850
36644,850
36649,850
36651,850
36654,833
36655,833
36656,833
36657,833
36660,850
36661,850
36662,850
36664,859
36665,857
36666,108
36667,808
36668,910
36671,854
36672,857
36673,857
38107,1203
38109,74
38109,1208
38113,1199
38128,1199
38131,1199
38140,832
38160,943
38162,823
38164,1185
38186,1203
38189,1188
38189,1430
38190,1181
38190,1430
38191,1184
38191,1430
38192,1203
38193,1208
38195,1181
38196,1181
38197,1208
38198,1208
38200,1181
38202,1199
38203,1203
38204,1181
38205,1203
38206,1199
38207,1203
38208,1203
38209,1208
38209,1467
38210,823
38211,1184
38211,1554
38212,1184
38212,1554
38213,1203
38213,1554
38214,1203
38216,1208
38216,1439
38217,1203
38217,1439
38218,1203
38218,1439
38220,921
38222,1188
38223,1203
38223,1553
38224,1181
38225,1188
38226,1208
38226,1467
38227,1184
38228,1208
38228,1467
38229,1191
38233,1181
38235,810
38236,810
38237,1184
38238,833
38239,1184
38240,1208
38241,1208
38242,833
38243,833
38244,1193
38246,1188
38246,1435
38247,1207
38248,1191
38249,1207
38250,1207
38251,1207
38252,1207
38253,1207
38254,1199
38255,1188
38256,1199
38257,1181
38259,833
38261,1181
38263,1181
38267,833
38268,833
38270,857
38271,1203
38272,1207
38273,74
38273,833
38274,823
38275,823
38276,833
38277,810
38278,1203
38279,1208
38280,1200
38281,1199
38282,1181
38285,823
38286,823
38287,1181
38289,1199
38290,1208
38291,1211
38292,1208
38293,1199
38294,1199
38296,1199
38297,810
38298,810
38299,810
38305,1184
38309,1208
38314,1184
38315,1208
38319,1203
38322,809
38323,1181
38325,1208
38326,1199
38330,1184
38331,1181
38336,1181
38339,1181
38341,1181
38349,1184
38350,1184
38351,1184
38353,1208
38354,1181
38357,1199
38358,1199
38359,1184
38365,1208
38388,1181
38390,1181
38391,1181
38397,1208
38406,1184
38411,1208
38420,1208
38437,1208
38439,1208
38440,1208
38441,1208
38442,1208
38443,1208
38444,833
38450,1208
38462,833
38463,975
70691,1467
70818,1305
70819,1305
70822,1305
70823,1305
70824,1305
70825,1305
71265,74
71266,74
71267,74
71270,74
71273,74
71274,74
71275,74
71276,74
71280,74
71283,74
71284,74
71293,1554
71406,15
71979,15
71981,15
72019,74
72020,74
72021,74
72022,74
72143,1305
72616,74
72620,1305
72688,1305
72754,1480
72755,1480
72825,74
72840,74
72842,74
72843,74
72844,74
72846,74
72847,74
72853,74
72864,74
72872,15
73130,74
73169,15
73247,1305
73291,74
73295,74
73296,74
73437,15
73707,15
73818,1439
73969,1207
73970,1207
73972,1207
73994,15
73996,15
73998,15
74002,15
74003,15
74005,15
74006,15
74007,15
74009,15
74010,15
74011,15
74012,15
74013,15
74015,15
74016,15
74017,15
74018,15
74019,15
74020,15
74023,15
74027,15
74028,15
74034,15
74036,15
74037,15
74038,15
74039,15
74040,15
74041,15
74042,15
74045,15
74047,15
74049,15
74050,15
74051,15
74052,15
74053,15
74056,15
74057,15
74059,15
74060,15
74061,15
74062,15
74063,15
74064,15
74065,15
74066,15
74070,15
74071,15
74072,15
74075,15
74076,15
74077,15
74078,15
74080,15
74083,15
74086,15
74088,15
74089,15
74090,15
74091,15
74094,15
74096,15
74099,15
74100,15
74101,15
74103,15
74104,15
74105,15
74108,15
74109,15
74110,15
74112,15
74113,15
74114,15
74115,15
74116,15
74118,15
74120,15
74126,15
74127,15
74130,15
74131,15
74134,15
74136,15
74138,15
74140,15
74141,15
74142,15
74143,15
74144,15
74146,15
74154,15
74155,15
74156,15
74157,15
74158,15
74159,15
74160,15
74162,15
74163,15
74164,15
74165,15
74166,15
74167,15
74170,15
74172,15
74173,15
74175,15
74176,15
74177,15
74178,15
74179,15
74180,15
74182,15
74184,15
74188,15
74189,15
74191,15
74192,15
74193,15
74197,15
74198,15
74199,15
74201,15
74202,15
74204,15
74205,15
74206,15
74207,15
74208,15
74209,15
74210,15
74211,15
74212,15
74213,15
74215,15
74216,15
74217,15
74218,15
74220,15
74222,15
74223,15
74224,15
74226,15
74227,15
74228,15
74229,15
74230,15
74231,15
74232,15
74233,15
74234,15
74235,15
74236,15
74238,15
74242,15
74243,15
74244,15
74246,15
74248,15
74250,15
74251,15
74255,15
74258,15
74259,15
74261,15
74263,15
74264,15
74265,15
74266,15
74270,15
74271,15
74272,15
74275,15
74276,15
74279,15
74281,15
74282,15
74283,15
74284,15
74285,15
74286,15
74290,15
74292,15
74296,15
74297,15
74298,15
74299,15
74300,15
74303,15
74305,15
74306,15
74307,15
74308,15
74309,15
74310,15
74311,15
74312,15
74314,15
74316,15
74318,15
74320,15
74322,15
74323,15
74324,15
74326,15
74331,15
74332,15
74334,15
74335,15
74337,15
74338,15
74339,15
74340,15
74342,15
74348,15
74349,15
74352,15
74353,15
74355,15
74356,15
74357,15
74360,15
74361,15
74362,15
74365,15
74366,15
74368,15
74369,15
74370,15
74371,15
74372,15
74374,15
74375,15
74376,15
74378,15
74379,15
74380,15
74381,15
74382,15
74383,15
74384,15
74385,15
74386,15
74388,15
74389,15
74390,15
74393,15
74394,15
74395,15
74396,15
74397,15
74398,15
74399,15
74400,15
74402,15
74403,15
74404,15
74405,15
74406,15
74410,15
74411,15
74412,15
74413,15
74414,15
74415,15
74416,15
74417,15
74418,15
74419,15
74420,15
74421,15
74422,15
74424,15
74425,15
74427,15
74428,15
74429,15
74430,15
74431,15
74434,15
74435,15
74436,15
74437,15
74438,15
74441,15
74445,15
74446,15
74447,15
74448,15
74450,15
74452,15
74453,15
74454,15
74456,15
74457,15
74458,15
74459,15
74460,15
74462,15
74466,15
74467,15
74468,15
74470,15
74472,15
74474,15
74476,15
74478,15
74482,15
74483,15
74484,15
74485,15
74488,15
74489,15
74491,15
74495,15
74496,15
74497,15
74498,15
74499,15
74500,15
74502,15
74503,15
74504,15
74505,15
74506,15
74507,15
74508,15
74509,15
74510,15
74511,15
74513,15
74514,15
74515,15
74516,15
74517,15
74518,15
74519,15
74520,15
74521,15
74522,15
74523,15
74524,74
74526,15
74527,15
74528,15
74529,15
74532,15
74534,15
74538,15
74539,15
74540,15
74542,15
74546,15
74547,15
74548,15
74549,15
74551,15
74552,15
74553,15
74554,15
74555,15
74556,15
74560,15
74565,15
74566,15
74567,15
74568,15
74569,15
74570,15
74571,15
74576,15
74578,15
74579,15
74580,15
74581,15
74582,15
74584,15
74585,15
74587,15
74589,15
74590,15
74591,15
74592,15
74593,15
74594,15
74595,15
74596,15
74597,15
74598,15
74599,15
74600,15
74602,15
74603,15
74604,15
74605,15
74607,15
74608,15
74609,15
74611,15
74615,15
74617,15
74618,15
74620,15
74621,15
74623,15
74624,15
74625,15
74627,15
74628,15
74632,15
74633,15
74634,15
74638,15
74639,15
74640,15
74641,15
74645,15
74646,15
74650,15
74651,15
74656,15
74660,15
74661,15
74664,15
74665,15
74666,15
74667,15
74668,15
74669,15
74670,15
74671,15
74673,15
74675,15
74676,15
74677,15
74678,15
74681,15
74682,15
74684,15
74685,15
74686,15
74687,15
74688,15
74690,15
74691,15
74692,15
74695,15
74697,15
74698,15
74699,15
74700,15
74701,15
74702,15
74703,15
74704,15
74705,15
74706,15
74710,15
74712,15
74716,15
74718,15
74719,15
74720,15
74721,15
74723,15
74729,15
74730,15
74731,15
74732,15
74734,15
74736,15
74737,15
74738,15
74739,15
74743,15
74745,15
74746,15
74748,15
74751,15
74752,15
74753,15
74754,15
74756,15
74757,15
74758,15
74759,15
74760,15
74761,15
74762,15
74763,15
74764,15
74765,15
74766,15
74770,15
74772,15
74773,15
74775,15
74776,15
74779,15
74780,15
74781,15
74782,15
74789,15
74790,15
74791,15
74792,15
74794,15
74795,15
74796,15
74799,15
74800,15
74803,15
74806,15
74813,15
74815,15
74816,15
74817,15
74819,15
74821,15
74822,15
74824,15
74825,15
74826,15
74827,15
74828,15
74829,15
74831,15
74832,15
74833,15
74835,15
74836,15
74837,15
74838,15
74841,15
74842,15
74843,15
74845,15
74847,15
74848,15
74849,15
74850,15
74851,15
74852,15
74853,15
74856,15
74857,15
74858,15
74859,15
74860,15
74861,15
74862,15
74863,15
74864,15
74868,15
74869,15
74870,15
74871,15
74872,15
74873,15
74877,15
74878,15
74879,15
74880,15
74881,15
74882,15
74883,15
74885,15
74886,15
74889,15
74893,15
74895,15
74896,15
74898,15
74899,15
74900,15
74901,15
74902,15
74903,15
74904,15
74905,15
74906,15
74908,15
74911,15
74918,15
74919,15
74920,15
74921,15
74922,15
74923,15
74924,15
74925,15
74926,15
74928,15
74929,15
74930,15
74933,15
74934,15
74935,15
74936,15
74937,15
74938,15
74939,15
74940,15
74941,15
74942,15
74943,15
74944,15
74946,15
74947,15
74948,15
74949,15
74951,15
74952,15
74953,15
74954,15
74957,15
74958,15
74959,15
74960,15
74961,15
74962,15
74963,15
74964,15
74965,15
74966,15
74967,15
74969,15
74970,15
74972,15
74973,15
74976,15
74977,15
74978,15
74979,15
74980,15
74981,15
74982,15
74983,15
74985,15
74986,15
74987,15
74988,15
74989,15
74991,15
74993,15
74994,15
74995,15
74996,15
74997,15
74999,15
75001,15
75004,15
75007,15
75008,15
75009,15
75012,15
75013,15
75014,15
75017,15
75019,15
75020,15
75022,15
75023,15
75024,15
75025,15
75027,15
75028,15
75029,15
75033,15
75040,15
75042,15
75043,15
75044,15
75046,15
75047,15
75049,15
75050,15
75056,15
75057,15
75058,15
75061,15
75062,15
75067,15
75068,15
75070,15
75071,15
75073,15
75074,15
75075,15
75076,15
75078,15
75080,15
75082,15
75088,15
75089,15
75092,15
75095,15
75096,15
75097,15
75099,15
75100,15
75101,15
75103,15
75105,15
75106,15
75107,15
75108,15
75109,15
75111,15
75114,15
75115,15
75116,15
75117,15
75118,15
75120,15
75123,15
75125,15
75127,15
75128,15
75129,15
75131,15
75132,15
75133,15
75135,15
75136,15
75138,15
75139,15
75140,15
75141,15
75142,15
75143,15
75144,15
75145,15
75146,15
75147,15
75148,15
75149,15
75151,15
75154,15
75158,15
75159,15
75160,15
75162,15
75164,15
75165,15
75166,15
75168,15
75170,15
75175,15
75176,15
75178,15
75179,15
75180,15
75185,15
75186,15
75188,15
75189,15
75192,15
75193,15
75194,15
75195,15
75196,15
75197,15
75198,15
75199,15
75200,15
75201,15
75202,15
75204,15
75205,15
75208,15
75210,15
75213,15
75214,15
75216,15
75217,15
75222,15
75223,15
75224,15
75225,15
75229,15
75230,15
75232,15
75233,15
75234,15
75235,15
75236,15
75237,15
75238,15
75240,15
75242,15
75243,15
75248,15
75249,15
75250,15
75251,15
75253,15
75254,15
75255,15
75256,15
75257,15
75259,15
75260,15
75261,15
75262,15
75263,15
75264,15
75265,15
75266,15
75268,15
75269,15
75270,15
75273,15
75278,15
75284,15
75287,15
75288,15
75289,15
75291,15
75293,15
75295,15
75296,15
75297,15
75301,15
75302,15
75304,15
75306,15
75307,15
75308,74
75310,15
75312,15
75313,15
75314,15
75316,15
75317,15
75318,15
75319,15
75320,15
75321,15
75322,15
75323,15
75324,15
75325,15
75326,15
75330,15
75332,15
75335,15
75336,15
75337,15
75338,15
75339,15
75341,15
75343,15
75346,15
75347,15
75348,15
75350,15
75351,15
75352,15
75354,15
75356,15
75357,15
75359,15
75362,15
75365,15
75366,15
75368,15
75370,15
75371,15
75374,15
75376,15
75377,15
75378,15
75379,15
75382,15
75383,15
75385,15
75386,15
75387,15
75388,15
75391,15
75392,15
75393,15
75394,15
75395,15
75396,15
75398,15
75399,15
75400,15
75401,15
75404,15
75406,15
75408,15
75409,15
75412,15
75413,15
75415,15
75416,15
75418,15
75419,15
75421,15
75422,15
75423,15
75425,15
75426,15
75428,15
75430,15
75432,15
75433,15
75436,15
75437,15
75438,15
75439,15
75441,15
75442,15
75443,15
75444,15
75446,15
75447,15
75449,15
75450,15
75451,15
75452,15
75455,15
75456,15
75457,15
75459,15
75461,15
75465,15
75466,15
75467,15
75470,15
75471,15
75472,15
75475,15
75477,15
75478,15
75479,15
75480,15
75482,15
75483,15
75484,15
75485,15
75486,15
75487,15
75488,15
75489,15
75490,15
75495,15
75497,15
75502,15
75504,15
75508,15
75509,15
75510,15
75511,15
75512,15
75513,15
75514,15
75516,15
75519,15
75521,15
75522,15
75525,15
75526,15
75527,15
75528,15
75529,15
75530,15
75531,15
75534,15
75535,15
75536,15
75537,15
75538,15
75540,15
75541,15
75542,15
75543,15
75544,15
75545,15
75546,15
75547,15
75548,15
75549,15
75550,15
75551,15
75553,15
75558,15
75560,15
75561,15
75562,15
75564,15
75566,15
75567,15
75568,15
75569,15
75570,15
75571,15
75572,15
75573,15
75574,15
75575,15
75576,15
75577,15
75579,15
75581,15
75583,15
75584,15
75586,15
75587,15
75588,15
75589,15
75591,15
75592,15
75594,15
75595,15
75596,15
75597,15
75598,15
75599,15
75600,15
75601,15
75603,15
75605,15
75606,15
75608,15
75609,15
75611,15
75612,15
75613,15
75614,15
75619,15
75622,15
75625,15
75626,15
75627,15
75628,15
75630,15
75632,15
75634,15
75635,15
75636,15
75637,15
75638,15
75639,15
75640,15
75644,15
75648,15
75649,15
75652,15
75653,15
75654,15
75656,15
75657,15
75658,15
75659,15
75660,15
75661,15
75662,15
75663,15
75664,15
75665,15
75666,15
75667,15
75668,15
75669,15
75670,15
75671,15
75672,15
75673,15
75674,15
75677,15
75678,15
75679,15
75680,15
75681,15
75682,15
75683,15
75684,15
75686,15
75687,15
75688,15
75689,15
75692,15
75693,15
75694,15
75697,15
75699,15
75702,15
75703,15
75704,15
75706,15
75710,15
75711,15
75712,15
75713,15
75714,15
75715,15
75716,15
75717,15
75719,15
75722,15
75725,15
75727,15
75728,15
75729,15
75730,15
75733,15
75734,15
75738,15
75741,15
75742,15
75743,15
75750,15
75751,15
75752,15
75753,15
75754,15
75757,15
75758,15
75760,15
75761,15
75762,15
75764,15
75767,15
75768,15
75769,15
75770,15
75776,15
75777,15
75781,15
75783,15
75785,15
75786,15
75787,15
75788,15
75790,15
75791,15
75792,15
75793,15
75794,15
75795,15
75796,15
75797,15
75798,15
75799,15
75800,15
75802,15
75803,15
75805,15
75806,15
75807,15
75808,15
75809,15
75810,15
75811,15
75812,15
75813,15
75814,15
75817,15
75818,15
75820,15
75823,15
75825,15
75826,15
75828,15
75829,15
75832,15
75833,15
75834,15
75835,15
75836,15
75837,15
75838,15
75840,15
75841,15
75843,15
75846,15
75848,15
75849,15
75850,15
75854,15
75856,15
75858,15
75860,15
75861,15
75862,15
75863,15
75864,15
75867,15
75869,15
75872,15
75873,15
75877,15
75878,15
75879,15
75880,15
75881,15
75883,15
75884,15
75885,15
75886,15
75887,15
75889,15
75891,15
75892,15
75898,15
75900,15
75903,15
75905,15
75906,15
75907,15
75909,15
75910,15
75911,15
75912,15
75913,15
75917,15
75918,15
75919,15
75920,15
75921,15
75923,15
75925,15
75926,15
75927,15
75928,15
75929,15
75930,15
75931,15
75932,15
75934,15
75935,15
75939,15
75941,15
75943,15
75946,15
75948,15
75949,15
75950,15
75959,15
75960,15
75961,15
75962,15
75964,15
75965,15
75967,15
75968,15
75969,15
75970,15
75971,15
75973,15
75974,15
75976,15
75977,15
75978,15
75981,15
75982,15
75983,15
75984,15
75985,15
75986,15
75987,15
75988,15
75989,15
75990,15
75991,15
75992,15
75994,15
76001,15
76004,15
76005,15
76006,15
76008,15
76010,15
76011,15
76014,15
76016,15
76018,15
76020,15
76021,15
76022,15
76023,15
76024,15
76025,15
76026,15
76028,15
76029,15
76034,15
76035,15
76038,15
76039,15
76041,15
76042,15
76044,15
76045,15
76046,15
76047,15
76048,15
76049,15
76051,15
76052,15
76053,15
76054,15
76056,15
76060,15
76061,15
76062,15
76063,15
76064,15
76065,15
76066,15
76068,15
76069,15
76071,15
76072,15
76074,15
76075,15
76077,15
76078,15
76079,15
76082,15
76083,15
76087,15
76088,15
76089,15
76090,15
76091,15
76093,15
76094,15
76096,15
76098,15
76100,15
76101,15
76102,15
76104,15
76106,15
76108,15
76110,15
76111,15
76117,15
76121,15
76122,15
76123,15
76124,15
76126,15
76128,15
76130,15
76131,15
76132,15
76133,15
76135,15
76136,15
76137,15
76139,15
76142,15
76143,15
76144,15
76145,15
76146,15
76148,15
76150,15
76151,15
76152,15
76154,15
76155,15
76156,15
76157,15
76158,15
76159,15
76161,15
76162,15
76163,15
76164,15
76166,15
76168,15
76170,15
76171,15
76172,15
76173,15
76174,15
76175,15
76176,15
76177,15
76180,15
76181,15
76183,15
76186,15
76187,15
76189,15
76190,15
76191,15
76192,15
76193,15
76197,15
76198,15
76200,15
76203,15
76207,15
76208,15
76209,15
76211,15
76212,15
76213,15
76214,15
76215,15
76216,15
76217,15
76218,15
76219,15
76220,15
76222,15
76223,15
76225,15
76227,15
76228,15
76229,15
76230,15
76232,15
76234,15
76235,15
76236,15
76237,15
76238,15
76239,15
76240,15
76242,15
76243,15
76244,15
76248,15
76251,15
76252,15
76255,15
76259,15
76262,15
76263,15
76264,15
76267,15
76268,15
76270,15
76272,15
76273,15
76274,15
76275,15
76276,15
76277,15
76278,15
76279,15
76280,15
76283,15
76284,15
76285,15
76287,15
76288,15
76289,15
76291,15
76292,15
76293,15
76294,15
76295,15
76296,15
76297,15
76298,15
76299,15
76301,15
76302,15
76303,15
76305,15
76306,15
76307,15
76308,15
76309,15
76312,15
76315,15
76316,15
76317,15
76319,15
76321,15
76322,15
76323,15
76325,15
76326,15
76327,15
76328,15
76330,15
76331,15
76333,15
76339,15
76342,15
76343,15
76349,15
76350,15
76351,15
76352,15
76354,15
76356,15
76357,15
76361,15
76362,15
76363,15
76364,15
76366,15
76367,15
76369,15
76370,15
76371,15
76374,15
76381,15
76382,15
76387,15
76388,15
76390,15
76391,15
76392,15
76394,15
76396,15
76397,15
76398,15
76400,15
76401,15
76402,15
76403,15
76405,15
76408,15
76409,15
76411,15
76412,15
76413,15
76414,15
76415,15
76416,15
76417,15
76418,15
76420,15
76421,15
76423,15
76424,15
76425,15
76426,15
76427,15
76429,15
76430,15
76433,15
76434,15
76435,15
76436,15
76438,15
76439,15
76441,15
76442,15
76443,15
76446,15
76448,15
76449,15
76450,15
76454,15
76455,15
76457,15
76458,15
76463,15
76464,15
76465,15
76466,15
76468,15
76469,15
76470,15
76471,15
76472,15
76473,15
76474,15
76475,15
76477,15
76478,15
76487,15
76489,15
76490,15
76493,15
76495,15
76496,15
76497,15
76498,15
76499,15
76500,15
76501,15
76502,15
76504,15
76505,15
76508,15
76509,15
76512,15
76513,15
76514,15
76515,15
76516,15
76518,15
76519,15
76520,15
76521,15
76523,15
76524,15
76526,15
76527,15
76528,15
76534,15
76537,15
76538,15
76539,15
76540,15
76541,15
76542,15
76544,15
76545,15
76547,15
76548,15
76550,15
76552,15
76555,15
76560,15
76561,15
76564,15
76565,15
76566,15
76567,15
76568,15
76569,15
76570,15
76574,15
76577,15
76578,15
76579,15
76580,15
76581,15
76583,15
76584,15
76586,15
76588,15
76589,15
76590,15
76591,15
76593,15
76595,15
76598,15
76602,15
76605,15
76606,15
76610,15
76613,15
76616,15
76617,15
76620,15
76621,15
76623,15
76624,15
76625,15
76627,15
76628,15
76630,15
76633,15
76634,15
76641,15
76643,15
76644,15
76645,15
76646,15
76648,15
76649,15
76650,15
76651,15
76652,15
76653,15
76654,15
76655,15
76656,15
76659,15
76661,15
76662,15
76663,15
76664,15
76666,15
76667,15
76668,15
76669,15
76671,15
76672,15
76673,15
76674,15
76675,15
76676,15
76679,15
76681,15
76682,15
76683,15
76684,15
76687,15
76688,15
76691,15
76692,15
76694,15
76696,15
76697,15
76698,15
76699,15
76701,15
76702,15
76705,15
76707,15
76708,15
76709,15
76710,15
76711,15
76715,15
76716,15
76719,15
76722,15
76723,15
76724,15
76725,15
76726,15
76727,15
76730,15
76731,15
76732,15
76738,15
76739,15
76740,15
76747,15
76750,15
76751,15
76753,15
76754,15
76757,15
76758,15
76759,15
76768,15
76769,15
76770,15
76772,15
76773,15
76776,15
76780,15
76781,15
76782,15
76783,15
76785,15
76788,15
76789,15
76790,15
76791,15
76792,15
76795,15
76799,15
76800,15
76801,15
76802,15
76803,15
76806,15
76807,15
76812,15
76814,15
76817,15
76819,15
76821,15
76824,15
76828,15
76829,15
76830,15
76832,15
76833,15
76834,15
76836,15
76839,15
76840,15
76842,15
76847,15
76848,15
76850,15
76852,15
76853,15
76859,15
76860,15
76861,15
76862,15
76863,15
76866,15
76883,15
76887,15
76888,15
76889,15
76893,15
76894,15
76895,15
76896,15
76897,15
76898,15
76899,15
76900,15
76901,15
76902,15
76903,15
76904,15
76906,15
76907,15
76908,15
76910,15
76911,15
76913,15
76916,15
76917,15
76918,15
76919,15
76920,15
76924,15
76926,15
76927,15
76929,15
76930,15
76932,15
76933,15
76934,15
76939,15
76940,15
76944,15
76945,15
76946,15
76947,15
76948,15
76949,15
76951,15
76952,15
76953,15
76954,15
76955,15
76957,15
76959,15
76960,15
76962,15
76963,15
76964,15
76965,15
76966,15
76967,15
76969,15
76970,15
76972,15
76974,15
76975,15
76976,15
76978,15
76979,15
76980,15
76981,15
76982,15
76983,15
76985,15
76987,15
76988,15
76990,15
76994,15
76995,15
76999,15
77000,15
77001,15
77002,15
77007,15
77009,15
77010,15
77011,15
77014,15
77015,15
77016,15
77018,15
77019,15
77020,15
77023,15
77024,15
77027,15
77028,15
77029,15
77030,15
77031,15
77032,15
77033,15
77034,15
77035,15
77041,15
77042,15
77043,15
77044,15
77046,15
77048,15
77049,15
77050,15
77053,15
77055,15
77056,15
77057,15
77058,15
77059,15
77062,15
77065,15
77066,15
77067,15
77068,15
77069,15
77071,15
77073,15
77076,15
77077,15
77079,15
77080,15
77081,15
77082,15
77084,15
77086,15
77087,15
77088,15
77089,15
77090,15
77091,15
77092,15
77093,15
77095,15
77096,15
77098,15
77100,15
77101,15
77102,15
77105,15
77107,15
77108,15
77109,15
77112,15
77113,15
77115,15
77116,15
77117,15
77118,15
77119,15
77120,15
77121,15
77124,15
77125,15
77126,15
77127,15
77128,15
77129,15
77134,15
77135,15
77136,15
77138,15
77139,15
77140,15
77141,15
77143,15
77145,15
77147,15
77149,15
77152,15
77153,15
77154,15
77155,15
77157,15
77161,15
77162,15
77163,15
77168,15
77169,15
77176,15
77177,15
77178,15
77181,15
77182,15
77183,15
77185,15
77186,15
77192,15
77193,15
77194,15
77195,15
77196,15
77197,15
77199,15
77200,15
77201,15
77203,15
77207,15
77209,15
77210,15
77212,15
77213,15
77214,15
77215,15
77216,15
77217,15
77218,15
77219,15
77222,15
77224,15
77226,15
77228,15
77230,15
77231,15
77237,15
77239,15
77240,15
77241,15
77242,15
77244,15
77245,15
77247,15
77250,15
77252,15
77254,15
77260,15
77265,15
77266,15
77268,15
77270,15
77271,15
77272,15
77273,15
77276,15
77277,15
77278,15
77279,15
77281,15
77282,15
77283,15
77285,15
77290,15
77291,15
77292,15
77295,15
77296,15
77297,15
77298,15
77301,15
77306,15
77307,15
77308,15
77309,15
77310,15
77313,15
77314,15
77316,15
77320,15
77321,15
77322,15
77324,15
77325,15
77327,15
77328,15
77332,15
77336,15
77337,15
77338,15
77339,15
77340,15
77343,15
77344,15
77345,15
77346,15
77347,15
77349,15
77350,15
77351,15
77354,15
77355,15
77356,15
77358,15
77359,15
77361,15
77364,15
77370,15
77371,15
77372,15
77374,15
77375,15
77377,15
79016,1481
79017,1481
79018,1481
79019,1481
80844,15
80845,15
80849,15
80850,15
80851,15
80856,15
80859,15
80860,15
80861,15
80862,15
80863,15
80864,15
80871,15
80877,15
80883,15
80884,15
80885,15
80886,15
80887,15
80888,15
80889,15
80890,15
80891,15
80893,15
80898,15
80899,15
80900,15
80908,15
80910,1430
80917,15
80921,15
80932,15
80952,15
80953,15
80954,15
80955,15
80956,15
80959,15
80961,15
80963,15
80966,15
80968,15
80970,15
80971,15
80974,15
80977,15
80981,15
80991,1467
80993,1435
80994,1435
80995,1435
80996,1435
80997,1435
81000,1435
81011,15
81018,15
81020,15
81021,15
81022,15
81025,15
81026,15
81038,15
81039,15
81040,15
81042,15
81043,15
81044,15
81046,15
81047,15
81048,15
81049,15
81050,15
81052,15
81053,15
81054,15
81055,15
81056,15
81057,15
81058,15
81061,15
81062,15
81068,15
81069,15
81070,15
81072,1435
81090,15
81091,15
81095,15
81098,15
81101,15
81102,15
81103,15
81106,15
81107,15
81110,15
81111,15
81120,15
81121,15
81122,15
81123,15
81124,15
81125,15
81126,15
81134,15
81135,15
81136,15
81138,15
81139,15
81140,15
81145,15
81146,15
81148,15
81149,15
81151,15
81155,15
81159,15
81160,15
81161,15
81162,15
81163,15
81164,15
81165,15
81166,15
81168,15
81172,15
81175,15
81176,15
81177,15
81183,1435
81184,1435
81185,1435
81186,1435
81188,15
81191,15
81192,15
81197,15
81198,15
81199,15
81203,15
81204,15
81205,15
81207,15
81226,15
81227,15
81228,15
81229,15
81230,15
81231,15
81235,15
81236,15
81238,15
81241,15
81242,15
81243,838
81244,838
81245,15
81246,15
81250,15
81251,15
81252,15
81258,15
81259,15
81260,15
81261,15
81262,15
81264,15
81265,15
81267,15
81268,15
81272,15
81278,15
81284,15
81287,15
81288,15
81289,15
81290,15
81292,15
81293,15
81303,15
81304,15
81305,15
81306,15
81307,15
81308,15
81309,15
81313,15
81317,15
81318,15
81319,15
81322,15
81323,15
81324,15
81325,15
81326,15
81327,15
81328,15
81330,15
81331,15
81332,15
81336,1467
81338,15
81345,15
81354,15
81355,15
81356,15
81360,15
81361,15
81362,15
81363,15
81364,15
81366,15
81370,15
81371,15
81372,15
81373,15
81376,15
81377,15
81379,15
81388,15
81389,15
81390,15
81391,15
81396,15
81396,1431
81397,15
81398,15
81399,15
81400,15
81401,15
81416,15
81417,15
81418,15
81419,15
81430,15
81431,15
81433,15
81434,15
81435,15
81444,15
81445,15
81446,15
81447,15
81448,15
81457,15
81458,15
81459,15
81462,15
81464,15
81475,15
81476,15
81477,15
81478,15
81479,15
81480,15
81488,15
81489,15
81490,15
81491,15
81493,15
81494,15
81495,74
81496,74
81497,15
81498,15
81499,15
81500,74
81501,15
81502,15
81503,15
81504,15
81506,15
81510,15
81511,15
81512,15
81513,15
81514,15
81515,15
81516,15
81517,15
81518,15
81519,15
81520,15
81521,15
81522,15
81523,15
81524,15
81531,15
81533,15
81540,15
81541,15
81545,15
81546,15
81547,15
81559,15
81560,15
81561,15
81591,15
81593,15
81597,15
81598,15
81599,15
81600,74
81601,74
81606,15
81607,15
81608,15
81609,15
81610,15
81612,15
81617,15
81619,15
81620,15
81632,15
81634,15
81635,1554
81636,1554
81637,1550
81638,1550
81647,15
81663,15
81665,15
81666,1553
81667,15
81672,15
81685,15
81686,15
81687,15
81690,15
81696,15
81697,15
81698,15
81699,15
81700,15
81701,15
81702,15
81703,15
81704,15
81705,15
81706,15
81707,15
81708,15
81730,15
81737,15
81741,15
81744,15
81748,15
81757,74
81760,15
81762,15
81765,15
81766,15
81767,15
81768,15
81769,15
81772,15
81773,15
81774,15
81784,15
81785,15
81786,15
81787,15
81796,15
81797,15
81808,15
81813,15
81814,15
81818,15
81819,15
81821,15
81830,15
81831,15
81846,15
81847,15
81852,15
81854,15
81855,15
81856,15
81857,15
81858,15
81859,15
81860,15
81861,15
81862,15
81865,15
81866,15
81867,15
81869,15
81870,15
81871,15
81872,15
81873,15
81875,15
81876,15
81877,15
81878,15
81879,15
81880,15
81886,15
81887,15
81889,15
81890,15
81891,15
81892,15
81893,15
81895,15
81896,15
81897,15
81899,15
81905,15
81937,74
81943,15
81944,15
81945,15
81946,15
81947,15
81951,15
81957,15
81959,15
81960,15
81965,15
81969,15
81970,15
81972,15
81973,15
81974,15
81984,15
81985,15
81996,15
81997,15
81998,15
81999,15
82000,15
82001,15
82002,15
82003,15
82004,15
82005,15
82007,15
82008,15
82009,15
82011,15
82019,15
82025,15
82026,15
82027,15
82028,15
82029,15
82030,15
82031,15
82032,15
82033,15
82038,1435
82039,1435
82040,1435
82041,1435
82042,1435
82043,1435
82044,15
82045,15
82055,15
82060,15
82061,15
82062,15
82063,15
82064,15
82065,15
82066,15
82067,15
82069,1529
82070,1529
82071,15
82072,1529
82073,1529
82075,15
82080,1207
82081,15
82082,15
82084,15
82087,15
82088,15
82093,15
82094,15
82095,15
82096,15
82097,15
82098,15
82099,15
82100,15
82101,15
82102,15
82103,15
82104,15
82105,15
82107,15
82108,15
82109,15
82110,15
82111,15
82112,15
82121,15
82125,15
82126,15
82127,15
82128,15
82129,15
82130,15
82131,15
82132,15
82133,15
82134,15
82136,15
82137,15
82144,15
82145,15
82146,15
82154,15
82156,15
82157,15
82158,15
82159,15
82161,15
82162,15
82163,15
82165,15
82167,15
82168,15
82170,15
82171,15
82173,15
82185,1515
82187,1515
82190,1515
82191,1515
82193,15
82195,15
82196,1554
82197,1554
82198,15
82199,15
82205,15
82206,15
82207,15
82208,15
82209,15
82210,15
82211,15
82212,15
82213,15
82214,15
82215,15
82216,15
82217,15
82218,15
82219,15
82223,15
82224,15
82225,15
82226,15
82229,15
82230,15
82231,15
82232,15
82234,15
82235,15
82236,15
82237,15
82238,15
82239,15
82240,15
82242,15
82243,1529
82244,1529
82245,1529
82250,15
82251,15
82254,15
82259,15
82265,15
82271,15
82284,15
82285,15
82286,15
82287,15
82289,15
82291,15
82295,15
82296,15
82305,15
82309,15
82318,15
82324,15
82325,15
82326,15
82327,15
82328,15
82329,15
82330,15
82332,15
82342,15
82343,1305
82344,15
82345,15
82346,15
82347,1207
82358,15
82360,15
82361,15
82362,15
82363,15
82364,15
82365,15
82368,15
82369,15
82370,1554
82371,15
82372,15
82374,15
82379,15
82388,15
82389,15
82390,15
82391,15
82392,15
82393,15
82394,15
82396,15
82397,15
82398,15
82399,15
82404,15
82405,15
82407,15
82409,15
82413,15
82414,15
82415,15
82416,15
82418,15
82419,15
82420,15
82421,15
82422,15
82423,15
82425,15
82434,15
82435,15
82436,15
82437,15
82440,15
82441,15
82447,74
82448,74
82449,74
82472,15
82473,15
82477,1305
82482,1305
82483,1305
82487,1305
82490,1305
82491,1305
82492,1305
82500,1305
82503,1305
82506,1305
82508,1305
82512,1305
82516,1305
82517,1305
82518,1305
82519,1305
82521,1305
82523,1305
82524,1305
82525,1305
82526,1305
82527,1305
82528,1305
82529,1305
82530,1305
82531,1305
82532,1305
82533,15
82535,15
82536,15
82537,15
82544,15
82546,15
82547,15
82548,15
82549,1554
82550,15
82551,15
82554,15
82555,15
82565,15
82566,15
82567,15
82568,15
82573,15
82575,15
82577,15
82585,15
82600,15
82602,15
82603,15
82604,15
82607,15
82608,15
82618,74
82644,15
82645,15
82646,15
82655,15
82656,15
82657,15
82658,15
82659,15
82660,15
82661,15
82679,15
82680,15
82681,15
82682,15
82683,15
82684,15
82685,15
82686,15
82688,15
82691,15
82693,15
82694,15
82695,15
82702,15
82719,15
82720,15
82725,15
82737,15
82738,15
82739,15
82741,15
82742,15
82743,15
82744,15
82745,15
82746,15
82747,15
82748,15
82749,15
82750,15
82753,15
82755,15
82756,15
82757,15
82760,15
82763,15
82773,15
82780,15
82782,15
82783,15
82784,1554
82793,15
82795,15
82799,15
82817,15
82822,15
82824,15
82825,15
82827,15
82828,15
82829,15
82845,74
82851,15
82855,15
82862,15
82863,15
82864,15
82866,15
82868,15
82869,15
82870,15
82871,15
82872,15
82874,15
82875,15
82876,15
82877,15
82880,15
82881,15
82883,15
82885,15
82886,15
82887,1435
82888,1435
82889,15
82890,15
82894,15
82895,15
82896,15
82897,15
82898,15
82899,15
82903,15
82905,15
82906,15
82907,15
82908,15
82913,15
82915,15
82916,15
82917,15
82918,15
82920,15
82921,15
82922,15
82923,15
82924,15
82925,15
82926,15
82928,15
82929,15
82930,15
82931,15
82932,15
82939,15
82940,15
82942,15
82943,15
82944,15
82945,15
82946,15
82947,15
82948,15
82966,15
82969,15
82970,15
82971,15
82973,15
82974,15
82978,15
82979,15
82982,15
82992,15
82995,15
82996,15
82999,74
83007,15
83008,15
83009,15
83010,15
83011,15
83012,15
83014,15
83015,15
83019,15
83020,15
83021,15
83022,15
83024,15
83025,15
83026,15
83027,15
83029,15
83030,15
83031,15
83034,15
83042,15
83043,15
83044,15
83048,15
83049,15
83051,15
83052,15
83053,15
83054,15
83055,15
83060,15
83061,15
83062,15
83063,15
83064,15
83067,15
83068,15
83069,15
83070,15
83071,15
83072,15
83073,15
83077,74
83078,74
83079,74
83094,15
83097,15
83100,15
83101,15
83102,15
83103,15
83104,15
83105,15
83111,15
83113,15
83115,15
83117,15
83119,15
83120,15
83121,15
83122,15
83123,15
83126,15
83127,15
83128,15
83131,15
83132,15
83133,74
83134,15
83135,15
83136,15
83137,15
83138,15
83139,15
83141,15
83142,15
83143,15
83146,15
83149,15
83150,15
83151,15
83156,15
83157,15
83159,15
83160,15
83161,15
83163,15
83164,15
83165,15
83166,15
83168,15
83169,15
83172,15
83174,15
83190,15
83191,15
83192,15
83193,15
83195,15
83196,15
83197,15
83199,15
83200,15
83201,15
83202,15
83203,1435
83204,15
83205,15
83206,15
83207,15
83208,15
83209,15
83210,15
83211,15
83216,15
83217,15
83218,108
83219,15
83220,15
83221,15
83222,15
83223,15
83224,15
83225,15
83226,15
83234,15
83235,15
83236,15
83237,15
83238,15
83247,15
83248,15
83250,15
83251,15
83261,15
83262,15
83263,15
83264,15
83267,15
83268,15
83272,15
83273,15
83274,15
83275,15
83278,15
83280,15
83281,15
83282,15
83283,15
83284,15
83290,15
83291,15
83293,15
83298,15
83306,15
83309,15
83310,15
83311,15
83312,15
83313,15
83314,15
83317,15
83318,15
83319,15
83326,15
83329,15
83337,15
83338,15
83340,15
83343,15
83344,15
83345,15
83348,1554
83349,1554
83350,15
83351,15
83353,15
83355,15
83358,15
83359,15
83361,15
83362,15
83363,15
83364,15
83376,15
83377,15
83378,15
83379,15
83395,74
83396,15
83411,15
83412,15
83414,15
83415,15
83416,15
83417,15
83422,15
83423,15
83424,15
83425,15
83426,15
83427,15
83428,15
83429,15
83438,15
83439,15
83440,15
83441,15
83442,15
83443,15
83457,15
83458,15
83459,15
83479,15
83507,15
83508,15
83510,15
83515,15
83516,15
83517,15
83518,15
83519,15
83521,15
83522,15
83523,15
83524,15
83525,15
83529,15
83530,15
83535,15
83539,15
83541,15
83547,15
83549,15
83574,15
83580,15
83581,15
83584,15
83585,15
83590,15
83591,15
83592,15
83593,15
83594,15
83595,15
83596,15
83597,15
83598,15
83599,15
83600,15
83601,15
83602,15
83603,15
83604,15
83605,15
83606,15
83607,15
83608,15
83609,15
83610,15
83611,15
83612,15
83613,15
83614,15
83615,15
83616,15
83617,15
83618,15
83619,15
83620,15
83621,15
83622,15
83623,15
83624,15
83625,15
83626,15
83627,15
83628,15
83629,15
83630,15
83631,15
83632,15
83633,15
83655,15
83656,15
83659,15
83674,15
83675,15
83676,15
83677,15
83678,15
83679,15
83680,15
83683,15
83695,15
83696,15
83697,15
83698,15
83729,15
83731,15
83732,15
83733,15
83734,15
83735,15
83738,15
83740,15
83764,15
83765,15
83767,15
83768,15
83773,15
83775,15
83776,15
83780,15
83785,15
83791,15
83792,15
83805,15
83806,15
83811,15
83812,15
83821,15
83831,15
83848,15
83849,15
83850,15
83851,15
83852,15
83853,15
83857,15
83858,15
83859,15
83860,15
83861,15
83862,15
83863,15
83864,15
83865,15
83866,15
83867,15
83868,15
83869,15
83874,15
83914,15
83920,1207
83923,15
83925,15
83926,15
83927,15
83928,15
83929,15
83932,15
83934,15
83937,15
83938,15
83949,15
83953,15
83954,15
83991,15
83992,15
83995,15
83996,1480
84009,15
84012,15
84013,15
84014,74
84015,15
84016,15
84017,15
84018,15
84019,1305
84022,15
84023,15
84024,15
84025,15
84026,15
84027,15
84028,15
84030,15
84032,15
84033,15
84035,15
84036,15
84037,15
84042,15
84043,15
84046,15
84047,15
84048,15
84049,15
84050,15
84051,15
84052,15
84054,15
84055,15
84056,15
84057,15
84059,15
84060,15
84061,15
84062,15
84063,15
84064,15
84072,74
84074,15
84075,74
84076,15
84079,1435
84080,15
84081,15
84084,15
84086,15
84087,15
84091,15
84092,15
84094,15
84096,15
84099,15
84100,15
84105,15
84110,74
84112,15
84113,15
84123,15
84124,15
84125,15
84126,15
84132,15
84133,15
84134,15
84135,15
84136,15
84140,15
84141,74
84146,15
84148,15
84152,1554
84153,15
84154,15
84156,74
84159,15
84161,15
84187,15
84200,15
84209,15
84217,15
84218,15
84219,15
84220,15
84221,15
84222,15
84223,15
84224,15
84225,15
84226,15
84227,15
84228,15
84229,15
84230,15
84231,15
84232,15
84233,15
84234,15
84235,15
84236,15
84237,15
84240,1439
84243,15
84254,15
84255,15
84256,74
84259,15
84261,15
84262,15
84263,15
84266,15
84267,15
84268,15
84275,15
84277,15
84284,15
84286,15
84287,15
84288,15
84298,15
84300,15
84303,15
84309,15
84319,15
84335,74
84336,74
84337,74
84338,74
84340,15
84341,15
84342,15
84343,15
84344,15
84347,15
84350,15
84351,15
84352,15
84354,15
84355,1435
84357,15
84358,15
84360,15
84363,15
84365,15
84367,15
84370,15
84373,15
84375,15
84395,15
84397,15
84398,15
84401,15
84402,15
84403,15
84404,15
84406,15
84407,15
84408,15
84409,15
84410,15
84412,1305
84414,15
84415,15
84416,15
84417,15
84418,15
84419,15
84420,15
84422,15
84424,15
84425,15
84426,15
84427,15
84428,15
84442,15
84443,15
84444,15
84445,1207
84446,1207
84447,1207
84448,1207
84449,1207
84450,1207
84451,15
84453,15
84456,15
84458,15
84467,15
84468,15
84469,15
84472,15
84474,15
84476,1467
84477,15
84478,15
84479,1305
84480,1305
84481,1305
84482,1305
84483,15
84484,15
84486,15
84487,15
84491,15
84492,15
84493,15
84494,15
84495,15
84496,15
84497,15
84499,15
84500,15
84501,15
84502,15
84503,15
84506,15
84507,1509
84508,15
84509,15
84510,15
84511,15
84512,15
84513,15
84514,1305
84515,1305
84516,1305
84518,1305
84519,1305
84525,1435
84526,1435
84528,74
84530,15
84540,15
84541,15
84545,1532
84547,15
84548,15
84551,1305
84561,1305
84562,1305
84563,1305
84564,1305
84565,1305
84566,1305
84572,1509
84573,1305
84579,1305
84582,1305
84583,1305
84584,1305
84587,74
84588,15
84591,15
84592,15
84594,15
84597,15
84598,15
84599,15
84600,15
84601,15
84608,74
84622,15
84680,15
84683,15
84686,1305
84688,15
84689,1554
84716,15
84717,15
84718,15
84719,15
84720,15
84721,15
84722,15
84723,15
84724,15
84725,15
84726,15
84727,15
84728,15
84729,15
84733,74
84735,15
84736,1532
84737,1532
84738,1532
84739,1532
84740,1532
84741,15
84743,74
84744,15
84750,1305
84751,1305
84752,1305
84753,1305
84754,1305
84755,1305
84758,15
84762,15
84763,15
84766,1305
84767,74
84772,74
84775,15
84776,15
84793,15
84795,15
84807,15
84808,15
84812,15
84816,15
84817,15
84818,15
84820,15
84821,15
84822,15
84823,15
84828,15
84829,15
84830,15
84831,15
84832,15
84834,15
84837,15
84843,15
84845,74
84848,15
84849,15
84851,15
84853,15
84854,15
84855,15
84856,15
84857,15
84858,15
84865,15
84869,15
84872,15
84873,15
84874,15
84876,15
84877,15
84880,15
84881,15
84883,15
84884,15
84885,15
84886,15
84890,15
84891,15
84904,15
84905,15
84906,15
84907,15
84910,15
84914,15
84915,15
84916,15
84917,15
84918,15
84924,15
84928,15
84930,15
84933,15
84936,15
84937,15
84938,15
84940,15
84941,15
84942,15
84943,15
84944,15
84945,15
84946,15
84947,15
84948,15
84950,15
84951,15
84952,15
84953,15
84954,15
84955,15
84956,15
84958,15
84959,15
85002,15
85012,15
85013,15
85016,15
85017,15
85018,15
85019,15
85020,15
85021,1435
85022,15
85023,15
85024,15
85025,15
85026,15
85027,15
85028,15
85029,15
85031,15
85032,15
85037,15
85042,15
85043,15
85044,15
85045,15
85049,15
85050,15
85051,15
85052,15
85053,15
85054,15
85055,1553
85056,15
85057,15
85058,15
85059,15
85060,15
85062,15
85063,15
85064,15
85065,15
85066,15
85067,15
85068,15
85069,15
85073,15
85089,15
85090,15
85092,15
85093,15
85094,15
85095,15
85097,15
85098,15
85099,15
85100,74
85104,15
85105,15
85109,15
85110,15
85111,15
85114,15
85130,15
85132,15
85133,15
85134,15
85141,15
85142,15
85143,15
85144,15
85145,15
85152,74
85153,15
85154,15
85156,15
85157,15
85158,15
85159,15
85164,15
85166,15
85167,15
85168,15
85169,15
85170,15
85181,15
85182,15
85189,15
85190,15
85194,15
85195,15
85196,15
85197,15
85201,15
85202,15
85208,15
85209,15
85211,15
85213,15
85214,15
85217,15
85221,15
85222,15
85223,15
85225,15
85229,15
85234,15
85236,15
85237,15
85238,15
85239,15
85240,15
85243,15
85245,15
85268,15
85274,15
85275,15
85278,15
85280,15
85288,15
85291,15
85293,15
85294,15
85295,15
85296,15
85299,15
85300,15
85301,15
85303,15
85305,15
85306,15
85307,15
85308,1509
85309,1509
85310,1509
85311,1509
85312,1509
85313,1509
85317,15
85318,15
85319,15
85323,15
85324,15
85325,15
85328,15
85329,15
85331,1467
85332,15
85333,15
85334,15
85335,15
85340,15
85342,15
85347,1305
85348,15
85352,1553
85368,1467
85371,15
85372,15
85374,1554
85375,1554
85377,1554
85378,1554
85379,15
85380,1553
85382,1509
85383,1509
85384,1509
85385,1509
85386,1509
85387,1509
85388,1509
85389,1509
85390,1509
85391,1509
85392,1509
85393,1509
85394,1509
85396,15
85399,1553
85400,15
85449,74
85453,74
85514,15
85515,15
85533,15
85540,15
85541,15
85543,15
85545,15
85546,15
85549,15
85550,15
85551,15
85552,15
85553,15
85554,15
85555,15
85556,15
85557,15
85558,15
85559,15
85560,15
85561,15
85562,15
85563,15
85564,15
85565,15
85566,15
85567,15
85568,15
85569,15
85571,15
85575,1439
85582,15
85583,15
85584,15
85596,15
85599,15
85600,15
85602,15
85603,15
85604,15
85605,15
85609,15
85610,15
85613,15
85614,15
85622,15
85623,15
85624,15
85625,15
85626,15
85627,15
85633,15
85642,15
85645,74
85647,15
85649,74
85653,15
85654,15
85657,1554
85670,15
85671,15
85672,15
85674,15
85677,15
85679,15
85693,15
85694,15
85711,15
85751,92
85752,916
85753,15
85754,15
85755,15
85756,15
85761,15
85762,15
85763,15
85764,15
85765,859
85766,1191
85767,82
85768,815
85769,825
85770,105
85771,15
85772,1184
85772,1554
85773,964
85774,964
85775,941
85776,858
85782,15
85783,15
85795,965
85796,1194
85798,15
85799,15
85800,816
85801,942
85802,15
85815,91
85816,108
85817,87
85818,66
85819,897
85820,88
85821,106
85822,87
85823,79
85824,108
85825,16
85826,66
85827,66
85828,892
85828,897
85829,79
85830,76
85831,1199
85832,68
85832,1181
85833,933
85834,92
85834,1181
85835,98
85836,857
85837,863
85838,101
85839,101
85840,101
85841,862
85842,933
85843,897
85844,953
85845,809
85846,1189
85847,810
85848,810
85849,810
85850,65
85850,828
85851,829
85851,974
85852,829
85853,920
85854,920
85855,920
85856,107
85857,66
85857,1191
85858,914
85859,85
85860,933
85861,916
85862,88
85863,976
85864,100
85865,100
85866,100
85867,100
85868,100
85869,108
85870,95
85871,897
85872,1187
85873,108
85874,829
85875,809
85876,917
85877,930
85878,955
85879,955
85880,955
85881,102
85882,899
85883,102
85884,66
85885,861
85886,863
85887,809
85888,888
85889,926
85890,108
85891,108
85892,1301
85893,958
85894,933
85895,1302
85896,916
85897,933
85898,933
85899,890
85900,955
85901,959
85902,94
85903,94
85904,935
85905,879
85906,875
85907,94
85908,916
85909,79
85910,955
85911,92
85912,92
85913,92
85914,92
85915,809
85916,809
85917,1303
85918,1185
85918,1430
85919,1208
85920,829
85921,953
85922,1199
85923,914
85924,77
85925,809
85926,98
85927,98
85928,98
85929,98
85930,98
85931,98
85932,98
85933,881
85934,82
85935,79
85936,856
85937,858
85938,858
85939,1303
85940,18
85941,18
85942,82
85943,1191
85944,916
85945,68
85946,937
85947,105
85948,1184
85949,809
85950,102
85951,1302
85952,108
85953,108
85954,914
85955,91
85956,79
85957,87
85958,106
85959,108
85960,108
85961,108
85962,970
85963,68
85964,68
85965,68
85966,68
85967,68
85968,68
85969,881
85970,816
85971,816
85972,816
85973,881
85974,881
85975,955
85976,897
85977,861
85978,861
85979,933
85980,974
85981,974
85982,974
85983,974
85984,79
85985,66
85986,66
85987,66
85988,66
85989,1306
85990,1306
85991,1306
85992,1306
85993,1306
85994,1306
85995,1306
85996,1306
85997,1306
85998,1306
85999,1306
86000,1306
86001,1306
86002,1306
86003,1306
86004,1306
86005,101
86006,1191
86007,1184
86008,1184
86009,1194
86010,1184
86011,1306
86012,1194
86013,1191
86014,17
86015,66
86016,1194
86017,1301
86018,966
86019,101
86020,879
86021,1184
86022,930
86023,958
86024,95
86025,72
86026,1306
86027,895
86028,1211
86029,858
86030,872
86031,1210
86032,1181
86033,965
86034,1184
86035,965
86036,965
86037,895
86038,109
86039,809
86040,833
86041,966
86042,79
86043,91
86044,91
86045,91
86046,108
86047,108
86048,14
86049,916
86050,91
86051,1181
86052,933
86053,1181
86054,937
86055,1303
86056,976
86057,976
86058,1222
86059,862
86060,971
86061,943
86062,103
86063,1222
86064,965
86065,1199
86066,820
86067,1303
86068,1303
86069,815
86070,965
86071,965
86072,965
86073,108
86074,916
86075,976
86076,810
86077,1222
86078,810
86079,810
86080,810
86081,1194
86082,966
86083,815
86084,108
86085,1222
86086,14
86087,943
86088,1198
86089,943
86090,943
86091,943
86092,943
86093,943
86094,1222
86095,859
86096,859
86097,1222
86098,1222
86099,1222
86100,1222
86101,1222
86102,859
86103,1205
86104,1191
86105,862
86106,890
86107,953
86108,1187
86109,953
86110,883
86111,1184
86112,1184
86113,1184
86114,68
86115,68
86116,1222
86117,1222
86118,1305
86119,1305
86120,1305
86121,1305
86122,1181
86123,1189
86124,66
86125,883
86126,930
86127,92
86128,926
86129,71
86130,966
86131,809
86132,79
86133,79
86134,102
86135,883
86136,1203
86137,85
86137,888
86138,888
86139,888
86140,895
86141,110
86142,980
86143,898
86144,897
86145,953
86146,809
86147,816
86148,976
86149,838
86150,883
86151,1199
86152,1181
86153,897
86154,837
86155,110
86156,886
86157,829
86158,809
86159,966
86160,966
86161,952
86162,897
86163,67
86164,831
86165,1203
86166,964
86167,966
86168,66
86169,66
86170,828
86171,16
86172,16
86173,1199
86174,109
86175,110
86176,897
86177,916
86178,83
86179,83
86180,83
86181,900
86182,108
86183,858
86184,926
86185,959
86186,816
86187,66
86188,858
86189,938
86190,897
86191,938
86192,108
86193,809
86194,92
86195,809
86196,869
86197,108
86198,108
86199,809
86200,895
86201,895
86202,883
86206,858
86207,1181
86208,1184
86209,1181
86210,66
86211,101
86212,66
86213,848
86215,971
86216,969
86217,837
86218,959
86219,827
86220,959
86221,897
86222,883
86231,897
86232,964
86233,1181
86234,87
86235,91
86236,808
86237,864
86238,837
86239,965
86240,837
86241,94
86242,976
86243,827
86244,79
86245,1200
86246,1200
86247,859
86248,859
86249,1198
86250,1198
86251,1200
86252,859
86253,859
86254,79
86255,895
86256,895
86257,953
86258,101
86259,68
86260,974
86261,974
86262,71
86263,933
86264,810
86265,827
86266,827
86267,1205
86268,71
86269,976
86270,106
86271,819
86272,827
86273,68
86274,68
86275,68
86276,1181
86277,1181
86278,1181
86279,1182
86280,1182
86281,102
86282,965
86283,101
86284,859
86285,859
86286,974
86287,856
86288,965
86289,1191
86290,965
86291,965
86292,102
86293,102
86294,920
86295,837
86296,952
86297,1184
86298,827
86299,978
86300,1203
86301,837
86302,953
86303,931
86304,68
86305,856
86305,1214
86307,827
86308,1207
86309,1207
86310,1207
86311,1207
86312,1207
86313,898
86314,109
86315,109
86316,883
86317,883
86318,897
86319,109
86320,1303
86321,809
86322,948
86323,1191
86323,1529
86324,881
86324,1529
86325,810
86326,1191
86327,937
86328,809
86329,837
86330,91
86331,861
86332,1182
86333,1193
86334,108
86335,817
86336,1181
86337,966
86338,914
86339,933
86340,897
86341,897
86342,832
86343,832
86344,832
86345,832
86346,832
86347,832
86348,832
86349,827
86350,897
86351,809
86352,1191
86353,952
86354,883
86355,1181
86356,98
86357,914
86358,916
86359,914
86360,857
86361,1210
86362,95
86363,95
86364,95
86365,95
86366,859
86367,826
86368,826
86369,859
86370,859
86371,826
86372,826
86373,846
86374,71
86375,66
86376,66
86377,1181
86378,66
86379,66
86380,104
86381,968
86382,958
86383,856
86384,1199
86385,79
86386,965
86387,831
86388,830
86389,68
86390,1184
86391,1306
86392,1181
86393,1191
86394,79
86395,76
86396,1194
86397,941
86398,941
86399,964
86399,1435
86400,916
86401,809
86402,925
86403,809
86404,937
86405,1184
86406,1184
86407,110
86408,883
86409,925
86410,815
86411,899
86412,937
86413,933
86414,848
86415,859
86416,869
86417,869
86418,869
86419,862
86420,892
86421,109
86422,109
86423,1181
86424,808
86425,827
86426,895
86427,965
86428,965
86429,869
86430,869
86431,1191
86432,79
86433,1185
86434,1198
86435,1198
86436,1193
86437,1205
86438,68
86439,895
86440,895
86441,826
86442,857
86443,1189
86444,79
86445,91
86446,79
86447,82
86448,890
86449,108
86450,76
86451,108
86452,916
86453,827
86454,957
86455,1186
86455,1439
86456,1302
86457,965
86458,833
86459,833
86460,838
86461,1184
86462,68
86463,962
86464,83
86464,875
86465,18
86466,837
86467,895
86468,895
86469,864
86470,917
86471,1202
86472,832
86473,948
86474,857
86475,857
86476,857
86477,974
86478,974
86479,106
86480,895
86481,88
86482,897
86483,1184
86484,94
86486,68
86487,828
86488,828
86489,828
86490,108
86491,95
86492,895
86493,1203
86494,857
86495,1199
86496,109
86497,1199
86497,1203
86498,857
86499,1203
86500,1198
86501,1203
86502,828
86503,859
86504,68
86505,916
86506,1184
86507,863
86508,108
86509,964
86510,826
86511,914
86512,933
86513,1305
86514,916
86515,926
86516,864
86517,921
86518,1194
86518,1441
86519,1194
86519,1441
86520,1191
86520,1441
86521,1184
86521,1441
86522,1193
86522,1441
86523,862
86524,1184
86525,1184
86526,965
86527,962
86528,962
86528,1532
86529,828
86529,1550
86530,828
86530,1550
86531,828
86531,1550
86532,1306
86532,1550
86533,1306
86533,1550
86534,1306
86534,1550
86535,1306
86535,1550
86536,1306
86537,1184
86538,856
86538,1199
86539,1200
86540,965
86541,1194
86542,1205
86542,1550
86543,965
86544,1306
86545,1306
86546,1306
86547,1306
86548,1306
86549,1306
86549,1441
86550,1306
86551,1306
86551,1441
86552,1306
86552,1441
86553,1306
86553,1441
86554,1222
86555,1222
86556,1222
86557,1222
86558,937
86559,826
86560,1182
86561,827
86562,827
86563,837
86564,1184
86565,965
86566,1189
86567,1184
86568,1189
86569,942
86570,826
86571,826
86572,826
86573,1306
86574,1306
86575,838
86576,809
86577,898
86578,862
86579,809
86580,1222
86581,1222
86582,926
86583,849
86584,892
86585,859
86586,859
86595,937
86596,108
86597,828
86598,834
86599,900
86600,958
86601,809
86602,944
86603,966
86604,1181
86604,1430
86605,832
86606,832
86607,832
86608,1181
86608,1430
86609,1184
86610,1199
86610,1439
86611,1181
86611,1430
86612,1181
86612,1430
86613,1191
86614,965
86615,1205
86616,1203
86617,933
86618,1194
86629,1194
86630,1189
86631,965
86632,1184
86633,858
86647,859
86648,826
86649,859
86655,878
86656,77
86658,955
86659,108
86660,935
86661,815
86662,815
86663,815
86664,815
86665,944
86666,1220
86667,923
86668,1189
86669,958
86670,837
86670,842
86671,826
86672,828
86673,828
86674,914
86675,897
86676,942
86677,942
86678,108
86679,895
86680,838
86681,966
86682,863
86683,892
86684,809
86685,883
86686,815
86687,809
86688,856
86689,856
86690,856
86691,859
86691,1203
86692,1191
86692,1529
86693,809
86694,809
86695,1191
86696,836
86697,809
86698,834
86699,834
86700,834
86701,834
86702,834
86703,809
86704,809
86705,1198
86705,1550
86706,1193
86706,1550
86707,1194
86707,1550
86708,1184
86708,1550
86709,1205
86710,70
86711,857
86712,809
86713,974
86714,974
86715,895
86716,895
86717,102
86718,944
86719,944
86720,944
86721,102
86722,859
86723,859
86724,931
86725,1205
86725,1550
86726,828
86727,828
86728,828
86729,1193
86730,827
86731,827
86732,827
86733,827
86734,1191
86735,1184
86736,962
86737,1205
86738,1198
86739,1198
86740,1199
86741,895
86742,895
86743,896
86744,809
86745,809
86746,848
86747,848
86748,848
86749,848
86750,1184
86750,1554
86751,1181
86752,1199
86753,74
86754,824
86755,897
86756,892
86757,966
86758,895
86759,77
86760,914
86761,1181
86762,1181
86763,826
86764,826
86765,899
86766,899
86767,1194
86768,908
86769,91
86770,77
86771,1181
86772,1181
86773,974
86774,94
86774,915
86775,88
86775,915
86776,969
86777,858
86778,1191
86779,1181
86780,859
86781,1198
86782,1181
86783,1198
86784,832
86785,832
86786,1181
86787,832
86788,832
86789,832
86790,832
86791,965
86792,1194
86793,1194
86794,913
86795,1191
86796,1220
86797,955
86797,1184
86798,1191
86799,859
86800,1200
86801,1194
86802,883
86803,1301
86804,897
86805,969
86805,1302
86806,933
86807,909
86808,935
86809,969
86810,958
86811,1194
86812,938
86813,102
86814,916
86815,908
86816,933
86817,966
86818,77
86819,942
86820,1184
86821,1184
86822,1184
86823,108
86824,108
86825,108
86826,79
86827,79
86828,79
86828,108
86829,965
86830,965
86831,965
86832,965
86833,1184
86834,1184
86835,1184
86836,1184
86837,836
86838,836
86839,1301
86840,1301
86841,899
86842,1302
86843,108
86844,1301
86845,875
86846,70
86847,1184
86847,1435
86848,897
86849,70
86850,978
86851,965
86852,1303
86853,107
86854,1183
86855,975
86856,97
86857,108
86857,1431
86858,858
86859,890
86860,896
86861,849
86862,1181
86863,965
86864,965
86865,965
86866,965
86867,969
86868,883
86869,934
86870,900
86871,967
86872,953
86873,1302
86874,875
86875,1302
86876,888
86877,965
86878,965
86879,102
86880,859
86881,859
86882,1194
86883,1184
86884,858
86885,892
86886,892
86887,864
86888,864
86889,864
86890,85
86891,833
86892,933
86892,1302
86893,1303
86894,1303
86895,1195
86896,829
86897,875
86898,897
86899,897
86900,1184
86901,18
86902,809
86903,91
86904,110
86905,79
86906,108
86907,1302
86908,70
86909,962
86910,1207
86911,1189
86912,965
86913,1306
86914,1191
86915,1205
86916,965
86917,965
86918,965
86919,1205
86920,1184
86921,856
86922,960
86923,858
86924,1203
86925,859
86925,1202
86926,859
86926,1202
86927,826
86928,1302
86929,810
86931,809
86932,88
86933,1301
86934,832
86935,826
86936,826
86937,826
86938,1181
86939,832
86940,832
86941,832
86942,68
86943,68
86944,68
86945,68
86946,1181
86947,1181
86948,1181
86949,875
86950,108
86951,108
86952,104
86953,102
86954,1181
86955,108
86956,108
86957,958
86958,809
86959,809
86960,809
86961,809
86962,809
86963,875
86964,809
86965,809
86966,955
86967,897
86968,912
86969,103
86970,920
86971,1306
86972,1306
86973,1306
86974,1191
86975,1306
86976,1189
86977,14
86978,816
86979,1222
86980,974
86981,1431
86982,1431
86983,934
86984,809
86985,82
86986,897
86987,930
86988,106
86989,965
86990,965
86991,965
86992,965
86993,1205
86994,18
86995,890
86996,97
86997,833
86998,70
86999,857
87000,913
87001,856
87002,974
87003,1181
87004,978
87005,895
87006,857
87007,1181
87008,809
87009,914
87010,862
87011,953
87012,859
87012,1202
87013,959
87014,108
87015,934
87016,969
87017,895
87018,88
87019,809
87020,915
87021,1181
87022,895
87023,881
87024,859
87025,856
87026,859
87027,859
87028,1198
87029,920
87030,859
87031,859
87032,859
87051,108
87052,943
87053,1191
87054,1191
87055,815
87056,1306
87058,67
87059,14
87060,14
87061,79
87063,1210
87064,859
87065,859
87066,859
87067,914
87068,942
87069,942
87070,942
87071,67
87072,965
87073,859
87074,965
87075,807
87076,959
87077,896
87078,896
87079,829
87080,829
87081,1199
87082,1181
87083,92
87084,1303
87085,875
87086,837
87087,108
87088,857
87089,92
87090,896
87091,877
87092,877
87093,18
87094,79
87095,962
87118,1207
87119,1207
87121,1481
87145,845
87146,79
87148,1303
87149,1303
87150,809
87151,837
87152,837
87153,976
87154,17
87155,94
87156,858
87157,965
87158,897
87159,809
87160,79
87161,1306
87162,87
87163,1186
87164,883
87165,77
87166,933
87167,87
87168,1302
87169,1301
87170,935
87171,935
87172,1301
87173,915
87174,809
87175,965
87176,1181
87177,850
87178,850
87179,850
87180,850
87181,1205
87182,809
87183,1181
87184,856
87185,108
87186,959
87187,1303
87188,1198
87189,879
87190,879
87191,879
87192,879
87241,938
87242,809
87243,1199
87244,933
87246,1222
87247,1184
87248,953
87249,953
87250,953
87251,897
87252,110
87253,883
87254,897
87255,938
87256,1181
87257,895
87259,1222
87260,1204
87261,1184
87262,1306
87263,1193
87264,962
87265,859
87266,965
87267,1200
87268,927
87269,966
87270,1193
87271,1184
87272,1184
87273,1181
87274,1189
87275,66
87276,926
87277,67
87278,859
87279,67
87280,1184
87281,914
87282,1198
87283,856
87284,858
87285,859
87286,859
87287,859
87288,858
87289,897
87290,876
87291,1198
87292,859
87293,1206
87294,1206
87295,1206
87296,1206
87297,1206
87298,1206
87299,1206
87300,941
87301,859
87302,948
87303,948
87304,948
87305,948
87306,962
87306,1441
87307,942
87308,859
87309,96
87310,859
87311,79
87312,938
87347,965
87348,857
87349,1181
87350,1306
87351,1306
87352,1191
87353,859
87354,859
87355,859
87356,1189
87357,964
87358,964
87359,1306
87360,837
87361,1306
87362,1306
87363,1306
87364,1306
87365,1306
87366,108
87367,859
87368,859
87369,859
87370,859
87371,859
87372,829
87373,829
87374,1184
87375,957
87376,1302
87377,842
87378,965
87379,810
87380,942
87381,914
87382,79
87383,96
87384,881
87385,892
87386,1222
87387,1222
87388,79
87389,1183
87390,895
87391,1302
87392,895
87393,895
87394,974
87395,1201
87396,959
87397,864
87398,895
87399,826
87400,106
87401,859
87402,79
87403,14
87404,14
87405,1181
87406,827
87407,1181
87408,1181
87409,859
87410,859
87411,862
87412,862
87413,862
87414,886
87415,886
87416,916
87417,965
87419,881
87420,1222
87421,895
87422,1191
87423,1191
87424,1191
87425,850
87426,859
87427,883
87428,829
87429,926
87430,937
87431,859
87432,1184
87433,856
87434,856
87435,842
87436,842
87437,842
87438,883
87439,859
87440,1181
87441,965
87443,1222
87444,1210
87445,859
87446,859
87447,834
87448,859
87449,819
87450,14
87451,108
87452,833
87453,102
87453,1529
87454,102
87454,1529
87455,1183
87456,1199
87457,1187
87458,1187
87459,942
87460,863
87461,1191
87462,816
87463,828
87464,933
87464,1302
87466,1202
87469,18
87470,815
87471,815
87472,815
87473,815
87474,833
87475,1200
87475,1441
87476,1203
87476,1441
87477,859
87477,1441
87478,859
87478,1441
87479,916
87480,980
87481,897
87482,855
87483,855
87484,859
87485,859
87486,1306
87487,859
87488,859
87489,859
87490,87
87491,108
87492,942
87493,942
87496,1205
87497,857
87498,1205
87499,855
87500,859
87501,859
87502,859
87503,827
87504,16
87504,817
87505,109
87506,976
87507,916
87508,875
87509,809
87510,833
87511,833
87512,833
87513,833
87514,833
87515,95
87516,877
87517,809
87518,108
87519,861
87520,861
87521,108
87522,1205
87523,109
87524,109
87525,831
87527,1222
87528,1222
87529,1198
87530,1222
87531,1222
87532,1203
87534,859
87535,1184
87536,1184
87537,1181
87539,1184
87540,1184
87541,1184
87542,1181
87543,1181
87544,108
87545,815
87546,815
87547,895
87548,965
87549,897
87550,1198
87551,1181
87552,1191
87553,108
87554,857
87555,1222
87556,1222
87557,839
87558,862
87559,862
87560,863
87561,831
87562,895
87563,108
87564,970
87565,955
87566,859
87567,859
87568,1222
87569,1222
87570,1184
87570,1480
87571,962
87571,1480
87572,897
87576,897
87577,897
87578,809
87579,1181
87580,895
87581,978
87584,95
87585,809
87596,897
87597,1199
87598,974
87599,809
87600,897
87601,897
87602,1186
87603,108
87604,1191
87605,1191
87606,899
87607,863
87610,855
87610,1222
87611,857
87612,1184
87612,1222
87613,110
87614,815
87615,864
87616,1203
87617,965
87618,967
87619,1191
87619,1222
87621,1306
87622,1200
87623,1306
87624,859
87624,1202
87625,79
87625,837
87626,1181
87626,1189
87627,974
87628,1184
87629,899
87630,899
87631,965
87632,826
87633,809
87634,966
87635,914
87636,859
87637,827
87638,916
87639,966
87640,1181
87640,1199
87641,959
87642,1222
87643,962
87644,850
87645,913
87646,1196
87646,1222
87647,883
87648,1184
87656,920
87657,109
87658,859
87659,859
87659,1222
87660,897
87661,892
87662,1189
87663,934
87664,971
87665,859
87665,1202
87666,77
87667,97
87668,1181
87669,1198
87670,95
87671,829
87672,79
87673,809
87674,965
87675,809
87676,108
87677,1189
87678,1189
87679,838
87680,875
87681,96
87682,96
87683,1182
87684,856
87685,88
87686,1199
87687,826
87688,859
87689,964
87689,1222
87690,1191
87690,1222
87691,1222
87691,1306
87692,1222
87692,1306
87693,859
87693,1222
87694,859
87694,1222
87695,859
87695,1222
87696,859
87696,1222
87697,859
87697,1222
87698,1222
87698,1306
87699,95
87700,1303
87701,92
87702,95
87703,834
87704,847
87705,848
87706,91
87707,855
87707,1222
87708,855
87708,1222
87709,863
87710,848
87711,965
87712,897
87713,974
87714,858
87715,926
87716,916
87717,1191
87717,1222
87718,859
87719,1198
87720,1205
87721,1205
87722,859
87723,828
87724,1194
87725,1191
87726,79
87727,953
87728,838
87729,821
87730,833
87730,1222
87731,828
87732,828
87733,828
87734,828
87735,828
87736,91
87737,828
87738,108
87739,828
87740,828
87741,931
87742,1302
87743,974
87744,965
87745,965
87746,965
87747,965
87748,965
87749,815
87750,895
87751,933
87752,1198
87753,881
87754,833
87754,1222
87755,933
87756,856
87757,1187
87758,1191
87759,1204
87760,1182
87761,857
87761,1222
87762,857
87762,1222
87763,95
87764,95
87765,859
87766,859
87766,1222
87767,937
87768,892
87769,856
87770,859
87771,962
87771,1435
87772,955
87772,1435
87773,1191
87773,1435
87774,1303
87775,79
87776,108
87777,109
87778,850
87779,864
87780,864
87781,864
87782,864
87783,883
87784,1181
87785,108
87786,88
87787,88
87829,888
87830,888
87835,897
87836,108
87837,1187
87838,1187
87839,961
87840,1199
87841,809
87842,964
87843,110
87844,110
87844,917
87845,1302
87846,108
87847,108
87848,892
87850,833
87851,102
87852,102
87853,67
87854,67
87855,91
87856,1302
87857,830
87858,959
87859,1191
87859,1222
87860,1205
87861,965
87861,1222
87862,1181
87862,1222
87863,965
87863,1222
87864,1191
87865,1191
87866,965
87867,958
87868,958
87869,108
87870,859
87871,862
87872,833
87872,1306
87873,834
87873,1306
87874,953
87875,864
87876,846
87877,1200
87878,965
87878,1222
87879,937
87880,933
87880,1222
87881,965
87882,861
87883,883
87884,88
87885,883
87886,864
87887,847
87888,79
87889,969
87889,1431
87890,976
87891,976
87892,1191
87893,1191
87894,962
87895,1183
87896,1191
87897,1302
87898,1431
87899,864
87900,864
87901,826
87902,877
87903,922
87942,1554
87954,965
87955,889
87956,1200
87957,965
87958,883
87958,958
87959,875
87960,12
87961,108
87962,894
87963,862
87964,892
87965,1303
87966,916
87967,110
87968,88
87969,1181
87970,1181
87971,1184
87972,828
87973,962
87974,959
87975,955
87976,1189
87977,965
87978,837
87979,933
87980,108
87981,862
87982,937
87983,943
87983,1222
87984,1182
87985,1306
87986,1191
87987,1191
87988,1191
87992,1181
87993,826
87994,826
87995,826
88000,942
88001,942
88003,1181
88004,826
88005,1181
88006,1181
88007,826
88008,1181
88009,1181
88010,1181
88096,1189
88097,933
88098,98
88099,1194
88100,1203
88101,108
88102,836
88103,1306
88104,1306
88105,1303
88106,915
88107,936
88108,1184
88108,1187
88108,1222
88109,1184
88109,1222
88109,1306
88110,1189
88110,1222
88111,1189
88111,1222
88112,974
88113,974
88114,974
88115,974
88116,1181
88117,965
88118,920
88119,1181
88120,895
88121,953
88122,108
88123,1306
88124,1181
88125,1186
88126,971
88127,850
88128,808
88129,838
88130,958
88131,809
88132,1302
88133,1199
88134,859
88135,831
88136,859
88137,884
88138,110
88139,108
88140,1184
88140,1222
88155,933
88156,942
88156,1222
88157,883
88158,935
88159,941
88160,12
88161,1205
88162,826
88163,859
88164,859
88165,859
88166,859
88167,859
88168,864
88169,1181
88187,1306
88188,108
88189,913
88190,104
88191,859
88192,859
88193,859
88194,91
88195,943
88196,859
88197,976
88198,837
88199,972
88200,809
88201,79
88201,809
88202,79
88202,809
88203,79
88203,809
88204,895
88205,916
88206,959
88207,942
88207,1222
88208,857
88209,14
88210,14
88211,109
88212,837
88213,95
88213,1222
88214,95
88214,1222
88215,108
88216,914
88217,108
88218,846
88219,859
88220,965
88221,965
88222,88
88223,895
88224,809
88225,847
88226,847
88227,847
88228,900
88229,957
88230,1181
88231,809
88232,966
88233,895
88234,916
88265,836
88266,895
88267,938
88268,937
88269,933
88270,1191
88270,1222
88271,1191
88271,1222
88272,1191
88272,1222
88273,1191
88273,1222
88274,864
88275,935
88276,809
88277,914
88278,916
88279,959
88280,959
88281,809
88282,895
88283,895
88284,942
88284,1222
88285,103
88285,943
88285,1222
88286,1191
88286,1222
88287,1205
88287,1441
88288,1191
88289,1191
88290,1205
88291,1205
88292,976
88293,1208
88294,1208
88295,1184
88296,1191
88297,1191
88298,1191
88299,826
88300,1191
88301,895
88302,808
88303,1191
88304,895
88305,837
88306,895
88307,1183
88308,895
88309,857
88310,857
88311,857
88312,856
88313,857
88314,858
88315,1203
88316,965
88317,897
88318,809
88319,875
88320,896
88321,969
88322,91
88323,976
88324,66
88325,1205
88326,1181
88327,857
88328,79
88329,79
88330,826
88331,1303
88332,937
88333,826
88334,826
88335,826
88336,826
88337,826
88338,859
88338,1203
88339,933
88340,858
88341,974
88342,937
88343,842
88344,107
88345,110
88346,937
88347,897
88347,937
88348,937
88349,933
88350,110
88351,937
88352,106
88353,110
88354,87
88355,965
88356,1181
88357,106
88358,108
88414,935
88415,916
88416,1181
88417,1304
88418,1222
88419,1189
88420,1199
88420,1222
88421,976
88421,1222
88422,976
88422,1222
88423,976
88424,976
88425,976
88426,1181
88427,67
88428,857
88429,1181
88430,831
88431,1181
88432,1199
88433,1181
88434,1181
88435,826
88436,826
88437,826
88438,826
88439,826
88440,826
88441,1181
88442,1181
88443,831
88443,1181
88444,831
88444,1181
88445,1181
88446,1181
88447,1181
88448,826
88449,1181
88450,859
88451,859
88452,859
88453,859
88454,67
88455,108
88456,106
88457,79
88458,976
88459,838
88460,915
88461,838
88462,859
88462,1222
88463,79
88464,79
88465,890
88466,967
88467,881
88468,88
88468,908
88469,88
88469,908
88471,110
88472,1303
88473,859
88474,1181
88475,1184
88475,1222
88476,814
88477,814
88478,814
88479,814
88480,814
88481,814
88482,814
88483,814
88484,814
88485,814
88486,814
88487,814
88488,814
88489,814
88490,814
88491,814
88492,814
88493,814
88494,814
88495,814
88496,814
88497,814
88498,814
88499,814
88500,814
88501,814
88502,814
88503,814
88504,814
88505,814
88506,814
88507,814
88508,814
88509,814
88510,1205
88511,933
88512,959
88513,1205
88514,815
88515,815
88516,935
88517,826
88518,957
88519,1181
88520,955
88521,941
88522,937
88523,897
88524,1181
88525,953
88526,912
88527,912
88528,971
88529,108
88530,917
88531,1191
88531,1435
88532,969
88533,896
88534,897
88535,837
88536,827
88537,848
88537,1222
88538,933
88538,1222
88539,71
88540,859
88540,1203
88541,857
88541,1203
88542,883
88543,967
88544,82
88545,82
88546,933
88547,79
88548,1194
88549,1203
88550,955
88551,1184
88552,1194
88553,897
88554,953
88555,108
88556,91
88557,809
88558,1186
88559,1222
88559,1306
88560,1222
88560,1306
88561,1222
88561,1306
88562,1222
88562,1306
88563,1191
88563,1222
88564,1191
88564,1222
88565,1191
88565,1222
88566,1191
88567,1306
88568,1306
88569,1306
88570,1306
88571,1306
88572,1306
88573,1306
88574,1306
88575,1306
88576,1306
88577,971
88578,936
88579,861
88580,1303
88581,1184
88582,68
88583,914
88584,107
88585,899
88586,91
88587,809
88588,79
88589,930
88590,916
88591,1200
88592,1200
88593,974
88594,826
88595,1191
88596,1306
88597,846
88598,859
88598,1203
88598,1441
88599,814
88600,1193
88601,976
88602,825
88603,933
88604,969
88605,836
88606,1302
88607,837
88609,897
88610,79
88611,846
88612,931
88613,850
88614,1207
88615,859
88616,859
88617,109
88618,79
88619,937
88620,931
88621,79
88622,883
88623,856
88624,1191
88624,1222
88625,1302
88626,859
88627,859
88628,976
88629,976
88629,1222
88630,976
88630,1222
88631,976
88632,974
88633,976
88634,1184
88635,809
88636,859
88637,1198
88638,859
88639,859
88640,1189
88641,1189
88642,1184
88643,1184
88644,1198
88644,1203
88644,1441
88645,859
88645,1203
88645,1222
88646,859
88646,1222
88647,1191
88647,1222
88648,895
88649,899
88650,876
88651,1194
88652,1184
88652,1205
88652,1430
88653,1191
88654,864
88655,864
88656,809
88657,897
88658,107
88659,937
88660,91
88661,835
88662,79
88663,839
88664,837
88665,837
88666,1200
88667,1199
88668,102
88669,1184
88670,974
88671,856
88672,1194
88673,864
88674,837
88675,966
88676,1189
88677,858
88678,809
88679,108
88680,859
88680,1202
88681,1184
88682,102
88683,809
88684,895
88685,849
88686,857
88687,104
88688,102
88688,1181
88689,1181
88690,976
88691,837
88692,1198
88693,1189
88694,965
88695,914
88696,935
88697,895
88698,969
88699,108
88700,1181
88701,1191
88701,1222
88702,1303
88703,897
88704,1306
88705,1306
88706,931
88707,1191
88708,1191
88709,1191
88710,1191
88711,964
88712,1306
88713,1306
88714,809
88715,1206
88716,1181
88717,1202
88718,1184
88719,908
88720,933
88721,897
88723,888
88724,864
88725,896
88726,17
88727,897
88728,857
88729,933
88730,976
88731,959
88732,102
88733,897
88735,1184
88735,1194
88736,850
88737,850
88738,962
88741,862
88742,862
88743,102
88744,102
88745,102
88746,102
88747,856
88748,91
88749,856
88750,843
88751,1184
88752,1198
88753,934
88754,858
88755,859
88756,859
88757,827
88758,859
88758,1222
88759,897
88760,1182
88761,1182
88762,1222
88762,1306
88763,859
88764,859
88765,859
88766,1181
88767,1181
88768,932
88769,859
88770,859
88771,1182
88772,965
88773,858
88774,864
88775,837
88776,861
88777,1199
88778,864
88779,1302
88780,79
88781,108
88787,895
88788,965
88789,1203
88790,895
88791,895
88792,966
88793,826
88794,974
88795,974
88796,1306
88797,1306
88798,1306
88799,1306
88800,1306
88801,1306
88802,1189
88803,810
88804,79
88805,1205
88814,1193
88815,1184
88816,77
88817,850
88818,91
88819,1198
88820,842
88821,937
88822,969
88823,94
88824,88
88825,1302
88826,959
88827,110
88828,79
88829,1181
88830,1303
88831,900
88832,915
88833,916
88834,897
88835,1181
88836,12
88837,828
88838,1181
88839,862
88840,1222
88840,1306
88841,108
88842,895
88843,878
88844,833
88845,834
88846,833
88847,832
88848,832
88849,832
88850,832
88851,833
88852,833
88853,70
88854,859
88855,859
88856,859
88857,859
88858,1191
88859,1181
88860,943
88861,1191
88862,1198
88863,1182
88863,1194
88864,942
88864,1222
88865,942
88865,1222
88866,810
88866,1222
88867,110
88868,827
88868,1194
88869,1181
88870,864
88871,1303
88872,857
88873,809
88874,1220
88875,883
88876,974
88877,974
88878,856
88878,858
88879,881
88880,976
88880,1222
88881,107
88882,1302
88883,870
88884,108
88885,916
88886,109
88887,832
88888,832
88889,832
88890,832
88891,976
88891,1222
88892,859
88892,1203
88893,68
88893,965
88894,1189
88894,1222
88895,908
88896,974
88897,974
88898,974
88899,1181
88900,1181
88901,974
88902,974
88903,974
88904,974
88905,974
88906,974
88907,974
88908,974
88909,974
88910,974
88910,1222
88911,859
88912,826
88913,832
88914,1306
88915,857
88916,859
88917,857
88918,859
88919,832
88920,1203
88921,1203
88922,856
88923,859
88924,912
88925,94
88926,1220
88927,107
88928,883
88929,897
88930,897
88931,897
88932,908
88933,1306
88934,1181
88935,1181
88936,1301
88937,1301
88938,967
88939,859
88940,859
88941,858
88942,859
88943,859
88944,859
88945,859
88946,859
88947,1306
88948,1306
88949,1191
88950,859
88951,859
88952,859
88953,859
88954,935
88955,941
88956,941
88957,941
88958,969
88959,817
88960,1193
88961,957
88962,102
88963,102
88964,102
88965,102
88966,102
88967,102
88968,102
88969,102
88970,102
88971,102
88972,102
88973,1191
88974,102
88975,102
88976,897
88977,969
88978,809
88979,914
88979,1302
88980,897
88981,896
88982,916
88983,91
88984,899
88985,899
88986,1189
88987,1186
88988,859
88988,1203
88989,935
88990,850
88991,1194
89005,809
89006,79
89007,942
89008,942
89009,955
89010,827
89011,976
89012,1302
89013,895
89014,897
89015,897
89016,966
89017,862
89018,826
89019,826
89020,859
89021,859
89022,859
89023,102
89024,102
89025,102
89026,102
89027,1193
89028,1193
89029,850
89030,850
89031,850
89032,1184
89033,1191
89034,832
89035,832
89036,831
89037,831
89038,831
89039,831
89040,1181
89041,1181
89042,1181
89043,1181
89044,1181
89045,825
89046,831
89047,831
89048,831
89049,825
89050,825
89051,825
89052,1181
89053,1181
89054,1184
89055,1191
89056,832
89057,832
89058,832
89059,832
89060,832
89061,105
89062,105
89063,105
89064,105
89065,105
89066,105
89067,105
89068,105
89069,105
89070,105
89071,105
89072,1189
89073,1220
89074,1189
89075,827
89076,826
89077,1194
89078,809
89079,969
89080,951
89081,1303
89082,1301
89083,935
89084,969
89085,108
89086,1303
89087,892
89088,953
89089,859
89090,108
89091,933
89092,883
89093,108
89094,831
89095,831
89096,831
89097,831
89098,831
89099,1189
89100,1184
89100,1222
89103,943
89104,1181
89116,933
89117,859
89118,895
89119,967
89120,967
89121,94
89122,933
89123,966
89124,108
89125,957
89126,859
89127,859
89128,1306
89129,859
89130,106
89131,862
89132,914
89133,1303
89134,915
89135,1201
89136,955
89137,96
89138,96
89139,857
89140,857
89141,878
89142,878
89143,878
89144,878
89145,908
89146,106
89147,106
89148,897
89149,848
89150,932
89151,107
89153,1181
89154,827
89154,1181
89155,827
89155,1181
89156,1181
89157,1199
89158,915
89159,1302
89160,879
89161,104
89163,858
89164,1306
89165,828
89166,864
89167,1222
89167,1306
89168,1181
89169,1306
89170,95
89171,1306
89171,1435
89172,1181
89173,79
89174,857
89175,925
89176,857
89177,1199
89177,1222
89178,865
89179,864
89180,859
89181,859
89182,857
89183,1181
89184,878
89185,878
89186,878
89187,878
89188,856
89188,858
89189,856
89189,858
89190,856
89190,858
89191,859
89192,1306
89193,1306
89194,1306
89195,941
89196,809
89197,809
89198,95
89199,1302
89200,859
89201,976
89201,1222
89202,976
89202,1222
89203,934
89204,864
89208,1194
89209,1189
89210,966
89211,1222
89211,1306
89212,1222
89212,1306
89213,1222
89213,1306
89214,883
89215,1303
89216,883
89217,857
89218,77
89219,864
89220,1189
89221,1189
89222,1191
89222,1222
89223,933
89224,1302
89225,933
89226,108
89227,79
89228,1189
89229,1184
89230,912
89231,79
89263,814
89264,1303
89265,809
89266,809
89267,102
89268,102
89269,810
89270,810
89271,1189
89272,109
89273,933
89274,915
89277,859
89277,1222
89281,966
89282,916
89283,942
89283,1222
89284,974
89285,77
89286,875
89287,908
89288,814
89289,859
89290,971
89291,965
89292,897
89293,1303
89294,1303
89295,1302
89296,965
89297,897
89298,809
89298,1303
89299,1205
89299,1430
89300,1184
89301,857
89302,1302
89303,955
89304,942
89305,859
89306,96
89307,1205
89308,859
89309,1191
89310,1184
89311,964
89312,1205
89313,1199
89314,943
89315,1191
89316,1203
89317,859
89318,12
89319,1189
89320,1303
89321,859
89321,1202
89322,913
89323,935
89324,108
89325,935
89326,1302
89327,892
89328,933
89329,915
89330,897
89331,892
89332,859
89333,859
89334,856
89335,107
89336,860
89337,1202
89338,966
89339,832
89340,832
89341,106
89342,830
89343,859
89344,1203
89345,1205
89346,1205
89347,815
89348,833
89349,79
89350,79
89351,79
89352,79
89353,836
89354,892
89355,851
89356,1191
89356,1194
89356,1222
89357,943
89358,943
89359,943
89360,943
89361,932
89362,933
89363,1200
89364,859
89365,859
89366,859
89367,1200
89367,1222
89368,1197
89369,832
89370,826
89370,1222
89371,974
89372,859
89373,828
89374,958
89375,830
89375,1222
89376,832
89377,832
89378,832
89379,832
89380,837
89381,1222
89381,1306
89382,1303
89397,859
89398,1303
89399,881
89400,826
89401,826
89402,105
89403,1194
89404,832
89405,916
89406,857
89407,827
89408,881
89408,1222
89409,859
89410,88
89411,864
89412,837
89413,838
89414,838
89415,808
89416,897
89417,1181
89418,856
89419,969
89420,875
89421,91
89422,916
89423,917
89424,937
89425,1193
89426,942
89426,1222
89427,91
89428,937
89429,809
89430,914
89431,1302
89432,916
89433,892
89434,84
89435,108
89436,890
89437,1181
89438,809
89439,967
89440,79
89441,1204
89442,969
89443,900
89444,900
89445,974
89446,875
89447,875
89448,955
89449,858
89450,969
89451,1189
89452,955
89453,837
89454,88
89455,1199
89458,1431
89459,892
89460,1184
89461,79
89462,77
89463,77
89464,1191
89465,859
89466,1222
89466,1306
89467,1306
89469,943
89470,943
89471,943
89472,826
89473,809
89473,851
89474,1205
89476,859
89477,831
89477,1181
89478,895
89479,895
89480,1181
89481,66
89482,79
89483,822
89484,974
89485,105
89486,1181
89487,834
89488,897
89489,79
89490,875
89491,859
89492,837
89493,108
89494,914
89495,916
89496,875
89497,937
89498,1302
89499,955
89499,1184
89500,1302
89501,1306
89502,1181
89503,1198
89504,942
89505,976
89523,926
89524,809
89525,933
89526,896
89527,79
89528,1303
89529,964
89530,1303
89531,832
89532,976
89533,108
89534,809
89535,864
89536,864
89537,924
89538,937
89539,895
89540,1302
89541,1199
89542,942
89542,1222
89543,890
89544,915
89544,1222
89545,935
89545,1222
89546,94
89546,108
89547,892
89548,815
89549,1222
89549,1306
89550,1194
89551,931
89552,95
89553,913
89554,820
89555,915
89556,966
89557,819
89558,106
89559,1181
89560,91
89560,953
89561,897
89562,864
89563,1189
89564,1184
89565,969
89566,916
89567,897
89568,953
89569,809
89570,835
89571,915
89572,832
89573,965
89574,965
89575,875
89576,897
89577,859
89578,1194
89579,77
89580,1202
89581,864
89582,864
89583,943
89583,1222
89585,102
89585,1222
89586,859
89587,1183
89588,1181
89589,809
89590,836
89591,916
89592,914
89593,107
89594,1306
89595,964
89596,830
89596,1182
89597,1189
89598,1184
89599,964
89600,830
89600,831
89601,1181
89602,1303
89603,1191
89603,1222
89604,1203
89605,809
89606,962
89607,965
89608,1189
89609,965
89609,1222
89610,965
89610,1222
89611,965
89611,1222
89612,934
89613,934
89614,79
89616,837
89617,108
89618,102
89619,943
89619,1222
89620,826
89620,1222
89621,826
89621,1222
89622,826
89622,1222
89623,833
89624,1303
89625,108
89626,1191
89627,862
89628,859
89629,859
89629,1222
89630,859
89630,1222
89631,808
89632,864
89634,1304
89635,14
89636,916
89637,915
89638,914
89639,864
89640,897
89641,809
89642,809
89643,107
89644,974
89644,1222
89645,974
89645,1222
89646,974
89646,1222
89647,974
89647,1222
89648,863
89649,837
89650,969
89651,809
89652,965
89653,1303
89654,1303
89655,914
89656,833
89657,899
89658,899
89659,859
89659,1441
89660,864
89661,832
89662,809
89663,915
89664,816
89665,827
89666,953
89667,1303
89668,1302
89669,941
89670,106
89671,79
89672,941
89673,82
89674,1302
89675,108
89676,955
89677,883
89678,857
89679,857
89680,1184
89681,832
89682,1181
89683,833
89684,833
89685,1306
89686,809
89688,1302
89689,1181
89690,1184
89691,912
89692,915
89693,79
89694,809
89695,809
89696,833
89696,1222
89697,857
89698,857
89699,883
89700,916
89701,897
89702,897
89703,953
89704,91
89705,934
89706,1189
89707,953
89708,809
89709,953
89710,915
89711,897
89712,935
89713,931
89729,70
89730,969
89731,108
89732,1194
89733,931
89734,890
89735,1202
89735,1203
89736,957
89737,1184
89738,859
89739,856
89740,895
89741,849
89742,883
89743,937
89744,917
89745,897
89746,1181
89747,809
89748,897
89749,931
89750,966
89751,966
89752,892
89753,959
89754,810
89755,953
89756,897
89757,1306
89758,839
89759,809
89760,883
89761,810
89762,953
89763,108
89764,1302
89765,91
89766,942
89767,942
89768,815
89769,883
89770,1184
89771,107
89772,1306
89773,833
89774,1181
89776,859
89777,1192
89778,856
89780,859
89781,859
89782,859
89784,859
89785,937
89786,858
89787,1191
89787,1435
89788,1191
89788,1435
89789,943
89790,1184
89790,1435
89791,856
89791,965
89791,1199
89793,102
89793,834
89794,1306
89796,1306
89799,856
89800,859
89801,826
89802,827
89803,859
89804,858
89804,1199
89805,859
89806,943
89807,859
89808,825
89809,1306
89811,808
89812,964
89812,1435
89813,1198
89814,859
89815,1200
89816,1435
89817,828
89817,1480
89818,828
89818,1480
89819,965
89819,1554
89820,1183
89820,1554
89821,857
89822,68
89822,1554
89823,1191
89823,1554
89824,1181
89825,831
89826,826
89827,859
89828,942
89830,859
89830,1480
89831,965
89832,828
89833,828
89834,1200
89834,1439
89835,1198
89835,1439
89837,1181
89838,1184
89839,859
89840,826
89842,955
89842,1456
89843,1193
89843,1554
89844,1306
89845,833
89846,1306
89847,834
89848,834
89849,859
89850,942
89851,965
89852,1306
89853,975
89854,975
89855,1191
89857,1306
89858,833
89860,1181
89861,826
89862,1191
89864,110
89864,1435
89865,1302
89866,1435
89867,935
89867,1435
89868,1205
89868,1554
89869,859
89870,859
89871,859
89872,859
89873,859
89874,1430
89875,809
89876,809
89876,851
89877,809
89877,851
89878,809
89878,851
89879,826
89880,943
89881,943
89882,826
89883,1205
89884,965
89886,102
89886,1306
89887,102
89887,1306
89888,102
89888,1306
89889,91
89890,897
89891,102
89891,1306
89904,859
89907,859
89921,859
89922,1306
89932,859
89938,859
89943,1200
89944,859
89945,828
89963,859
89966,897
89967,959
89968,809
89969,951
89970,959
89971,857
89972,1184
89973,894
89974,915
89975,79
89975,809
89976,959
89977,900
89978,970
89979,900
89980,859
89981,859
89982,809
89983,1194
89984,1206
89985,937
89986,937
89987,937
89988,937
89989,937
89990,942
89991,1302
89992,937
89994,964
89995,1198
89996,809
89997,91
89998,859
89998,1202
89999,916
90000,1189
90001,1181
90002,897
90003,1181
90004,1181
90005,816
90006,899
90007,857
90008,97
90009,1302
90010,875
90011,965
90012,894
90013,103
90014,1189
90015,1303
90016,1199
90017,1199
90018,892
90019,895
90020,809
90021,840
90022,91
90023,108
90024,809
90025,827
90025,1194
90026,969
90027,969
90028,969
90029,953
90030,969
90031,1191
90032,836
90033,108
90034,108
90035,79
90035,932
90036,1181
90037,1181
90037,1480
90038,859
90039,859
90040,856
90041,94
90041,108
90042,814
90043,106
90044,971
90045,971
90046,825
90047,107
90048,809
90049,955
90050,1193
90051,856
90052,1182
90053,1181
90054,859
90055,859
90056,826
90057,1182
90058,1203
90059,893
90060,915
90061,816
90062,96
90063,816
90064,96
90065,965
90066,1198
90067,935
90068,79
90069,79
90070,1181
90071,79
90072,965
90073,1181
90074,965
90075,1189
90076,1189
90077,1184
90077,1222
90078,935
90079,1184
90080,850
90081,1181
90082,79
90083,79
90084,108
90085,1302
90086,107
90087,96
90088,1203
90089,933
90090,877
90091,877
90092,1203
90093,934
90094,1222
90094,1306
90095,1184
90096,859
90097,897
90098,1189
90099,1193
90100,1193
90101,1181
90102,1181
90103,965
90104,850
90105,1189
90106,1181
90107,965
90108,965
90109,1184
90110,1184
90111,965
90112,1193
90113,810
90114,1184
90115,809
90116,809
90117,886
90118,815
90119,965
90120,946
90121,965
90122,1198
90123,959
90123,965
90124,916
90125,107
90126,1302
90127,933
90128,1198
90129,1303
90130,895
90131,881
90132,1181
90133,941
90134,941
90135,815
90136,976
90137,965
90138,1193
90139,881
90140,965
90141,965
90142,1205
90143,881
90144,976
90145,815
90146,1306
90147,965
90148,895
90149,937
90150,937
90151,965
90152,935
90153,859
90154,826
90155,826
90156,965
90157,1184
90158,879
90159,980
90161,815
90162,815
90163,810
90164,937
90165,934
90166,1306
90167,1306
90168,94
90169,857
90170,969
90171,920
90172,894
90173,915
90174,900
90175,900
90176,965
90177,1184
90178,897
90179,1184
90180,828
90181,1181
90182,1220
90183,969
90184,916
90185,915
90186,1306
90187,859
90188,103
90189,837
90191,875
90192,1193
90193,915
90194,916
90195,914
90196,1303
90197,108
90198,1184
90199,1191
90200,808
90201,108
90202,933
90203,933
90204,108
90205,915
90206,108
90207,1199
90208,859
90209,1184
90210,1198
90211,897
90212,955
90213,883
90214,1184
90215,965
90216,863
90217,969
90218,1181
90219,854
90220,856
90221,837
90222,838
90223,838
90224,915
90225,933
90226,108
90227,1181
90228,88
90229,1181
90230,1184
90231,816
90232,108
90233,1191
90234,859
90235,1183
90236,897
90237,849
90238,969
90239,897
90240,897
90241,892
90242,109
90243,97
90244,1181
90245,91
90246,836
90247,914
90248,942
90249,942
90250,897
90251,859
90252,862
90253,1302
90254,974
90255,935
90256,883
90257,875
90258,1184
90259,914
90260,828
90261,828
90262,884
90263,883
90264,969
90265,916
90266,892
90267,883
90268,936
90269,883
90270,79
90271,108
90272,859
90273,103
90274,926
90275,926
90276,108
90277,897
90278,1184
90279,107
90280,895
90281,1302
90282,877
90283,79
90284,1184
90285,809
90286,108
90287,875
90288,935
90289,1302
90290,962
90291,1181
90292,77
90293,837
90294,837
90296,77
90297,914
90298,76
90299,1302
90300,1303
90301,965
90302,1302
90303,1303
90304,899
90306,890
90307,953
90308,108
90309,969
90310,808
90311,926
90311,953
90313,79
90314,953
90315,809
90317,953
90318,1191
90319,77
90320,809
90320,851
90321,1191
90322,1303
90323,930
90324,838
90325,914
90326,839
90327,913
90328,1203
90329,944
90330,854
90331,854
90332,854
90333,854
90334,854
90335,809
90335,851
90336,809
90336,851
90337,809
90337,851
90338,942
90339,944
90340,964
90341,969
90342,892
90343,894
90344,837
90345,1302
90346,951
90347,955
90349,1191
90350,975
90351,1205
90352,955
90353,897
90354,1199
90355,883
90356,971
90358,893
90359,955
90360,1198
90363,859
90364,859
90370,110
90389,11
90390,932
90391,107
90392,912
90393,847
90394,847
90395,897
90396,915
90397,1303
90398,914
90399,1504
90400,101
90401,109
90402,937
90403,897
90404,1181
90405,821
90406,821
90407,820
90408,856
90409,897
90410,1187
90411,807
90412,809
90413,1505
90414,965
90415,92
90416,955
90417,1506
90418,953
90419,1191
90420,965
90421,964
90422,964
90423,828
90424,828
90425,828
90426,1181
90427,1203
90428,1203
90429,1181
90430,856
90431,828
90432,109
90433,1302
90434,809
90435,953
90436,1194
90437,109
90438,110
90439,855
90440,959
90441,884
90442,106
90443,955
90444,1181
90445,830
90446,832
90447,809
90447,851
90448,828
90449,110
90450,855
90451,855
90452,1181
90453,110
90454,1302
90455,109
90456,859
90457,897
90458,913
90459,942
90460,883
90461,109
90462,107
90463,108
90464,109
90465,74
90465,108
90466,109
90467,914
90468,109
90469,109
90470,933
90471,809
90472,110
90473,109
90474,109
90475,965
90476,1507
90477,79
90478,1206
90479,1206
90480,1206
90481,1206
90482,1189
90483,1206
90484,965
90485,1181
90486,895
90487,109
90488,935
90489,109
90490,109
90491,1511
90492,109
90493,839
90494,809
90495,942
90496,897
90497,1509
90498,1509
90499,1509
90500,1509
90501,1509
90502,1509
90503,850
90504,109
90505,976
90506,1191
90507,1191
90508,95
90509,17
90510,1184
90511,837
90512,110
90513,109
90514,110
90515,980
90516,914
90517,110
90518,1306
90519,946
90520,1306
90521,1306
90522,1306
90523,1306
90524,1306
90525,1306
90526,1205
90527,1184
90527,1205
90528,1189
90529,1184
90530,1188
90531,1188
90532,859
90533,1181
90534,1181
90535,826
90536,859
90537,1181
90538,1184
90539,1184
90540,955
90541,848
90542,1199
90543,1181
90544,1182
90545,106
90546,859
90547,1184
90548,95
90549,974
90550,930
90551,856
90552,850
90553,1181
90554,864
90555,110
90556,859
90557,859
90558,859
90559,859
90560,1181
90561,1184
90562,1183
90563,1183
90564,962
90565,1184
90566,1306
90567,941
90568,1196
90569,1196
90570,1196
90571,1196
90572,1196
90573,971
90574,1199
90575,857
90576,1187
90577,1187
90578,1187
90579,1187
90580,1187
90581,1187
90582,1187
90583,1187
90584,104
90585,857
90586,826
90587,857
90588,1306
90589,878
90590,878
90591,1191
90592,965
90593,809
90593,851
90594,110
90594,1502
90595,110
90595,1502
90596,109
90597,1206
90598,838
90599,109
90600,1182
90601,857
90602,1182
90603,857
90604,1207
90605,104
90606,1207
90607,857
90608,857
90609,857
90610,857
90611,1193
90612,1193
90613,964
90614,1187
90615,832
90616,1181
90617,857
90618,826
90619,825
90620,1181
90621,1181
90622,854
90623,105
90624,964
90625,1196
90626,1196
90627,1196
90628,1196
90629,1196
90630,809
90631,959
90632,859
90633,1205
90634,1205
90635,1188
90636,857
90637,974
90638,964
90639,964
90640,964
90641,832
90642,1191
90643,878
90644,962
90645,1191
90646,1200
90647,104
90648,1196
90649,1196
90650,110
90651,110
90652,1303
90653,1193
90654,828
90655,828
90656,828
90657,828
90658,828
90659,828
90660,68
90661,106
90662,106
90663,828
90664,964
90665,106
90666,106
90667,106
90668,1187
90669,1187
90670,1187
90671,1187
90672,1306
90673,855
90674,106
90675,862
90676,862
90677,832
90678,1187
90679,822
90680,1196
90681,1181
90682,75
90683,837
90684,110
90685,839
90686,1187
90687,1187
90688,881
90689,881
90690,825
90691,77
90692,1189
90693,937
90694,1189
90695,108
90696,839
90697,1182
90698,837
90699,107
90700,109
90701,95
90702,95
90703,109
90704,110
90705,107
90706,18
90707,859
90708,1505
90709,839
90710,107
90711,110
90712,110
90713,897
90714,110
90715,857
90716,1200
90717,1181
90718,859
90719,965
90720,942
90721,110
90722,826
90723,809
90724,109
90725,110
90726,110
90727,110
90728,821
90729,1202
90730,1181
90731,1181
90732,827
90733,102
90733,1306
90734,102
90734,1306
90735,858
90736,953
90737,1306
90738,1306
90739,878
90740,812
90741,943
90742,101
90743,825
90744,825
90745,826
90746,826
90747,826
90748,100
90749,859
90750,859
90751,859
90752,943
90753,942
90754,942
90755,862
90756,819
90757,862
90758,896
90759,897
90760,931
90761,931
90762,864
90763,864
90764,864
90765,864
90766,855
90767,855
90768,859
90769,809
90770,837
90771,1181
90771,1189
90772,1184
90773,892
90774,110
90775,864
90776,110
90777,101
90778,101
90779,965
90780,1205
90781,943
90782,1306
90783,953
90784,942
90785,974
90786,1181
90787,68
90788,18
90789,109
90790,1508
90791,110
90792,110
90793,832
90794,1187
90795,1187
90796,946
90797,1189
90798,837
90799,1181
90800,1181
90801,110
90802,943
90803,859
90804,1203
90805,1198
90806,1181
90807,1306
90808,975
90809,1184
90810,1189
90810,1467
90811,1203
90811,1467
90812,1184
90812,1467
90813,1189
90813,1467
90814,1181
90815,1191
90816,831
90816,1467
90817,1194
90817,1467
90818,1184
90818,1467
90819,1306
90819,1553
90820,1306
90820,1553
90821,1306
90821,1553
90822,1306
90822,1553
90823,108
90824,1198
90825,859
90826,859
90827,1198
90828,859
90829,859
90830,859
90831,859
90832,110
90833,964
90834,1181
90835,858
90855,809
90856,107
90857,809
90857,851
90858,1183
90859,110
90860,859
90861,103
90862,103
90863,964
90864,1207
90865,897
90866,18
90867,958
90868,109
90869,862
90870,1184
90870,1532
90871,964
90872,832
90873,1181
90874,1181
90875,826
90876,832
90877,832
90878,1181
90879,1181
90880,1181
90881,110
90882,872
90883,964
90884,102
90885,862
90886,897
90887,941
90888,1306
90889,914
90890,74
90891,1188
90892,1203
90893,110
90894,107
90895,855
90896,102
90897,102
90898,1306
90899,1306
90900,87
90901,110
90902,16
90903,17
90904,109
90905,110
90906,897
90907,110
90908,110
90909,837
90910,1189
90911,87
90912,110
90913,110
90914,110
90915,862
90916,109
90917,1194
90918,1184
90919,1189
90920,1306
90921,827
90922,946
90923,1181
90924,67
90925,965
90926,859
90927,1181
90928,892
90929,1184
90930,109
90931,809
90932,1202
90933,96
90934,895
90935,1184
90936,809
90937,1191
90938,1184
90939,1184
90940,1181
90941,855
90942,962
90943,864
90944,953
90945,878
90946,837
90947,837
90948,897
90949,809
90950,809
90951,850
90952,107
90953,857
90954,837
90955,1306
90956,108
90957,110
90958,837
90959,864
90960,809
90961,1191
90962,809
90963,1207
90964,930
90965,859
90966,895
90967,1208
90968,900
90969,809
90970,897
90971,809
90972,895
90973,895
90974,110
90975,942
90976,1196
90977,955
90978,859
90979,850
90980,850
90981,107
90982,937
90983,908
90984,110
90985,1188
90986,110
90987,1200
90988,930
90989,1510
90990,1184
90991,1306
90992,1306
90993,1184
90994,79
90995,108
90996,857
90997,857
90998,95
90999,104
91000,100
91001,110
91040,832
91041,1306
91042,962
91043,1306
91044,1505
91045,1184
91046,1188
91047,1184
91048,1193
91049,1181
91050,110
91051,102
91052,1189
91053,964
91054,859
91055,1306
91056,100
91057,100
91058,100
91059,100
91060,826
91061,1185
91062,964
91063,964
91064,100
91065,110
91066,1188
91067,839
91068,837
91069,862
91070,862
91071,832
91072,832
91073,832
91074,1196
91075,832
91076,832
91077,832
91078,965
91079,1194
91080,1510
91081,1510
91105,110
91106,833
91107,833
91108,833
91109,833
91110,1187
91111,1184
91112,975
91113,1205
91114,1191
91115,1191
91116,1191
91117,1189
91118,943
91119,974
91120,1191
91121,76
91122,827
91123,1186
91124,1207
91125,74
91126,1206
91127,1206
91128,1206
91129,1206
91130,1206
91131,1206
91132,1206
91133,895
91136,935
91137,1506
91138,832
91139,95
91140,99
91141,928
91142,897
91143,18
91144,1188
91145,1193
91146,1187
91147,1187
91148,855
91149,18
91150,109
91151,1187
91152,1181
91153,859
91153,1202
91154,92
91155,943
91156,883
91157,109
91158,828
91159,809
91160,70
91161,110
91162,838
91163,1181
91164,15
91165,857
91166,965
91167,1191
91168,914
91169,895
91170,859
91171,897
91172,848
91173,1191
91174,1191
91175,1181
91176,839
91177,877
91178,877
91179,109
91180,110
91181,953
91182,864
91183,1181
91184,933
91185,916
91186,1181
91187,1181
91188,1181
91189,1181
91190,1181
91191,881
91192,13
91193,13
91194,109
91195,1306
91196,1181
91197,877
91198,965
91199,109
91200,895
91201,953
91202,1191
91203,1302
91204,1191
91205,857
91206,810
91207,892
91208,946
91209,826
91210,948
91211,948
91212,827
91213,847
91214,860
91215,1505
91216,917
91217,848
91218,842
91219,1188
91220,110
91221,1181
91222,897
91223,809
91224,15
91225,827
91226,1181
91227,965
91228,826
91229,77
91230,837
91231,933
91232,1184
91233,965
91234,1184
91235,1184
91236,1191
91237,859
91238,933
91239,1210
91240,1198
91241,1210
91242,1210
91243,1210
91244,859
91245,109
91246,859
91247,914
91248,815
91249,15
91250,857
91251,937
91252,1302
91253,1191
91254,935
91255,832
91256,832
91257,106
91258,855
91259,951
91260,1181
91261,1200
91262,942
91263,935
91264,110
91265,837
91266,859
91266,1480
91267,832
91268,95
91269,95
91270,1191
91271,810
91272,877
91273,810
91274,810
91275,810
91276,810
91277,95
91278,95
91278,810
91279,95
91279,810
91280,810
91281,810
91282,810
91283,965
91284,964
91285,830
91286,1181
91287,830
91288,831
91289,810
91290,1188
91291,1510
91292,835
91293,1194
91293,1435
91294,1184
91295,810
91296,810
91297,810
91298,810
91299,810
91300,810
91301,810
91302,810
91303,810
91304,828
91305,109
91306,1181
91307,810
91308,810
91309,1189
91310,810
91311,1183
91312,1188
91313,810
91314,830
91315,964
91316,1184
91317,810
91318,1189
91319,948
91320,1191
91321,827
91322,815
91323,99
91324,826
91325,1189
91326,827
91327,827
91328,1189
91329,1306
91330,1306
91331,864
91332,878
91333,859
91334,1306
91334,1435
91335,1181
91335,1435
91336,850
91337,1306
91337,1435
91338,109
91339,109
91339,908
91340,838
91341,838
91342,838
91343,943
91344,943
91345,881
91346,935
91347,1505
91348,824
91349,1181
91350,837
91351,837
91352,109
91353,99
91354,99
91355,935
91356,935
91357,1306
91358,1306
91359,933
91360,857
91361,1184
91362,857
91363,859
91364,933
91365,1203
91366,809
91367,859
91368,860
91369,1191
91370,826
91371,83
91372,930
91373,895
91374,953
91375,109
91376,109
91377,859
91378,1184
91379,1184
91380,1191
91381,1306
91382,1191
91383,859
91383,1202
91384,13
91385,1202
91386,946
91387,1198
91388,937
91389,107
91389,110
91390,89
91391,1302
91392,1181
91393,1191
91394,1181
91395,1505
91396,837
91397,1191
91398,894
91399,894
91400,933
91401,941
91402,110
91403,110
91405,1306
91406,878
91407,815
91408,1181
91409,1306
91410,857
91411,807
91412,807
91413,15
91414,109
91415,897
91416,1189
91417,855
91418,855
91419,95
91420,95
91421,1306
91422,1306
91423,859
91423,1202
91424,859
91424,1202
91425,1188
91426,962
91427,965
91428,965
91429,1191
91430,962
91431,964
91432,1181
91433,965
91434,1203
91435,837
91436,1191
91437,1191
91438,935
91439,897
91440,837
91441,809
91442,953
91443,809
91444,809
91445,908
91446,104
91447,104
91448,104
91449,104
91450,104
91451,104
91452,946
91452,1306
91453,946
91453,1306
91454,946
91454,1306
91455,946
91455,1306
91456,946
91456,1306
91457,946
91457,1306
91458,1187
91459,1187
91460,964
91461,77
91462,1181
91463,67
91464,106
91465,1187
91466,1181
91467,1181
91468,1181
91469,1181
91470,77
91471,928
91472,1207
91473,946
91474,946
91475,946
91476,946
91477,946
91478,946
91478,1306
91479,946
91479,1306
91480,946
91480,1306
91481,946
91481,1306
91482,883
91483,895
91484,859
91485,109
91486,1182
91487,110
91488,842
91489,109
91490,1306
91491,1306
91492,1306
91493,1306
91494,1182
91495,810
91496,828
91497,831
91498,1191
91499,827
91500,859
91501,1187
91502,108
91503,833
91503,1306
91504,953
91505,916
91506,953
91507,859
91508,838
91509,838
91510,838
91511,15
91512,110
91513,965
91514,916
91515,857
91516,1181
91517,74
91518,897
91519,74
91520,1184
91521,14
91522,953
91523,933
91524,895
91525,937
91526,1181
91527,109
91527,1431
91528,1191
91529,1200
91530,109
91531,1306
91532,1306
91533,828
91534,108
91535,976
91536,855
91537,1203
91538,1203
91539,1203
91540,1203
91541,837
91542,962
91543,1203
91544,896
91545,931
91546,976
91547,857
91548,95
91549,827
91550,971
91551,965
91552,859
91553,1306
91554,1306
91555,1306
91556,1306
91557,1306
91558,1306
91559,1191
91560,1191
91561,1191
91562,1194
91563,816
91564,881
91565,109
91566,77
91567,896
91568,1187
91569,14
91570,71
91571,1203
91572,1200
91573,859
91574,931
91575,1302
91576,1189
91577,1189
91578,916
91579,837
91580,809
91581,110
91582,943
91583,976
91584,976
91585,976
91586,832
91587,855
91588,855
91589,855
91590,855
91591,830
91592,943
91593,1181
91594,15
91595,916
91596,1207
91597,946
91598,831
91599,830
91600,831
91601,104
91602,946
91602,1306
91603,946
91603,1306
91604,946
91604,1306
91605,1199
91606,859
91607,946
91607,1306
91608,946
91608,1306
91609,946
91609,1306
91610,946
91610,1306
91611,1191
91612,1192
91613,1192
91614,106
91615,837
91616,928
91617,928
91618,943
91619,878
91620,878
91621,1189
91622,1306
91623,946
91623,1306
91624,1306
91625,109
91626,965
91627,109
91628,1306
91629,946
91629,1306
91630,864
91631,1181
91632,1306
91633,1306
91634,1306
91635,1306
91636,908
91637,1188
91638,109
91639,878
91640,807
91641,827
91642,827
91643,1183
91644,1198
91645,104
91646,104
91647,110
91648,837
91649,109
91650,809
91651,838
91652,838
91653,838
92467,1194
92468,850
92469,109
92470,1306
92471,1189
92472,834
92473,109
92474,109
92475,857
92476,892
92477,1202
92478,1202
92479,104
92480,908
92481,946
92482,104
92483,946
92484,946
92485,1191
92486,897
92487,108
92488,110
92489,1306
92490,964
92491,912
92492,872
92493,66
92494,832
92495,1181
92496,1302
92497,1181
92498,1207
92499,943
92500,935
92501,1201
92502,914
92503,84
92504,878
92505,878
92506,878
92507,1184
92508,964
92509,828
92510,1191
92511,837
92512,109
92513,1191
92514,864
92515,937
92516,881
92517,1184
92519,74
92520,110
92520,1505
92521,1202
92522,862
92523,862
92524,862
92526,1202
92527,897
92528,108
92529,106
92530,1203
92530,1435
92531,1203
92531,1435
92532,1203
92532,1435
92533,1203
92533,1435
92534,1203
92534,1435
92535,1203
92535,1435
92536,859
92536,1435
92537,1200
92537,1435
92538,859
92538,1435
92539,1198
92539,1435
92540,962
92540,1435
92541,1183
92541,1435
92542,1183
92542,1435
92543,1183
92543,1435
92544,1189
92544,1435
92545,1189
92545,1435
92546,1189
92546,1435
92547,1188
92547,1435
92548,1189
92548,1435
92549,1188
92549,1435
92550,1205
92550,1435
92551,1183
92551,1435
92552,1184
92552,1435
92553,916
92554,1306
92555,1193
92556,859
92557,859
92558,832
92559,965
92560,1306
92561,1306
92562,1181
92563,858
92564,67
92565,1205
92566,1205
92567,1184
92568,823
92569,1194
92570,1181
92606,1199
92607,1191
92608,1192
92609,65
92610,1193
92611,1193
92612,1193
92613,1193
92614,1193
92615,1184
92616,1191
92617,1191
92618,74
92619,1191
92620,1188
92741,1217
92742,1191
92751,974
92752,894
92753,1203
92754,67
92755,937
92756,819
92757,859
92758,1510
92759,14
92760,862
92761,827
92762,859
92763,928
92764,916
92765,914
92766,1184
92767,1184
92768,1181
92769,110
92770,92
92771,92
92772,92
92773,916
92774,866
92775,828
92776,1194
92777,1194
92778,1191
92779,1189
92780,964
92781,109
92782,1203
92783,1202
92784,1306
92785,807
92786,109
92787,914
92788,914
92789,84
92790,809
92791,109
92792,1189
92793,1202
92794,110
92795,975
92796,68
92796,965
92797,1189
92798,1184
92799,837
92800,1181
92801,827
92802,1189
92803,109
92804,1184
92805,837
92806,108
92807,108
92808,889
92809,889
92810,838
92811,84
92812,84
92813,848
92814,1302
92815,1203
92854,809
92855,1205
92856,1505
92857,99
92858,1200
92859,1200
92860,1306
92861,839
92862,1306
92863,1306
92864,1306
92865,1306
92866,1306
92867,859
92868,859
92869,941
92870,859
92871,859
92872,965
92873,99
92874,964
92875,964
92876,964
92877,850
92878,964
92879,962
92880,107
92881,110
92882,892
92883,866
92884,928
92885,953
92886,916
92887,930
92888,108
92889,897
92890,916
92891,809
92892,13
92893,975
92894,826
92895,826
92896,826
92897,826
92898,826
92899,826
92900,826
92901,897
92902,1198
92903,1200
92904,832
92905,1203
92906,832
92907,1191
92908,1200
92909,1203
92910,971
92911,848
92912,897
92913,1302
92914,1191
92915,109
92916,1302
92917,1183
92918,1193
92919,965
92920,1181
92921,838
92922,1510
92923,82
92924,839
92925,830
92926,881
92927,1547
92928,1183
92929,1205
92930,1181
92931,1306
92932,1306
92933,1189
92934,1505
92935,1181
92936,1191
92937,953
92938,914
92939,809
92940,809
92941,837
92942,897
92943,967
92944,953
92945,15
92946,14
92947,1199
92948,897
92949,1306
92950,860
92951,827
92952,1302
92953,859
92954,892
92955,935
92956,937
92957,1199
92958,1199
92959,1199
92960,1181
92961,77
92962,900
92963,108
92964,892
92965,109
92966,914
92967,1189
92968,1188
92969,809
92970,1510
92971,1203
92972,1181
92973,827
92974,1184
92975,1194
92976,1203
92977,855
92978,855
92979,855
92980,943
92981,1302
92982,953
92983,953
92984,941
92985,959
92986,815
92987,110
92988,965
92989,1191
92990,1189
92991,1181
92992,1184
92993,1184
92994,896
92995,943
92996,1306
92997,942
92998,942
92999,943
93000,1184
93001,67
93002,1548
93003,110
93004,74
93004,974
93005,109
93006,14
93007,1194
93008,1194
93009,897
93010,916
93011,71
93012,1191
93013,859
93014,941
93015,95
93016,908
93017,1505
93018,1194
93019,1208
93020,1306
93021,1306
93022,65
93023,965
93024,1306
93025,974
93026,1510
93027,935
93028,815
93029,1191
93030,892
93031,917
93032,1506
93033,108
93034,108
93035,962
93036,826
93037,826
93038,826
93039,826
93040,65
93041,65
93042,857
93043,1505
93044,832
93045,937
93046,109
93047,95
93048,1191
93049,934
93050,827
93051,1508
93052,946
93053,107
93054,933
93055,108
93056,809
93057,1187
93058,1187
93059,946
93060,931
93061,935
93062,897
93063,1200
93064,1184
93663,1532
93665,1554
93705,900
93706,857
93707,1191
93708,109
93709,109
93710,1192
93711,916
93712,100
93713,100
93715,17
93716,859
93717,1306
93718,1194
93719,827
93720,1506
93721,939
93722,14
93723,109
93724,14
93725,933
93726,897
93727,897
93728,897
93729,1191
93730,933
93731,1184
93732,1194
93733,1189
93734,965
93735,965
93736,1184
93737,1181
93738,910
93739,897
93740,1191
93741,109
93742,916
93743,1184
93744,1194
93745,916
93746,859
93747,859
93748,109
93749,108
93750,101
93751,106
93752,1191
93753,1196
93754,1302
93755,1302
93756,916
93757,859
93758,857
93759,832
93760,832
93761,809
93762,809
93763,933
93764,1181
93765,104
93766,1184
93767,104
93768,104
93769,104
93770,1208
93771,1202
93772,1202
93773,1306
93774,1306
93775,1306
93776,1306
93777,1306
93778,1306
93779,1306
93780,1306
93781,1306
93782,1306
93783,14
93784,85
93785,1181
93786,1181
93787,1181
93788,837
93789,837
93790,1189
93791,962
93792,857
93793,74
93794,110
93795,14
93795,1305
93796,110
93797,828
93798,859
93799,937
93800,975
93801,972
93802,830
93803,920
93804,95
93805,897
93806,935
93807,1202
93808,1191
93809,857
93810,100
93811,948
93812,893
93813,1181
93814,916
93815,937
93816,1184
93817,1188
93818,857
93819,110
93820,67
93821,67
93822,838
93823,18
93824,941
93825,109
93826,1306
93827,88
93828,827
93829,809
93830,110
93831,896
93832,933
93833,883
93834,104
93835,1191
93836,1181
93837,1203
93838,857
93839,859
93840,859
93841,106
93842,1306
93843,109
93844,1202
93845,827
93846,1202
93847,965
93848,975
93849,960
93850,896
93851,1199
93852,1199
93853,1199
93854,859
93855,859
93856,859
93857,859
93858,859
93859,108
93860,859
93861,1199
93862,1198
93863,810
93864,939
93865,916
93866,108
93867,1189
93868,108
93869,859
93870,949
93871,955
93872,110
93873,1302
93874,938
93875,938
93876,109
93877,95
93878,1199
93879,1194
93880,827
93881,1306
93882,897
93883,908
93884,910
93885,878
93886,878
93887,1306
93888,1181
93889,837
93890,916
93891,948
93892,1302
93893,948
93894,948
93895,898
93896,1181
93897,828
93898,1306
93899,858
93900,858
93901,821
93902,933
93903,933
93904,933
93905,1203
93906,1203
93907,809
93908,951
93909,1188
93910,962
93911,833
93912,913
93913,916
93914,916
93915,933
93916,935
93917,1302
93918,933
93919,1303
93920,864
93921,109
93922,1191
93923,1183
93924,955
93925,1188
93926,1189
93927,837
