id,website_id,website_meta_title,website_meta_description,website_meta_keywords,website_meta_og_img,seo_name,name,parent_id,parent_path,sequence,website_description,create_uid,create_date,write_uid,write_date,hidden,promo_cat,item_codes
11,,الصحة و الجمال | صيدليات عابدين,الصحة والجمال | صيدليات عابدين | احصل على أفضل منتجات الصحة والجمال في صيدليات عابدين. نقدم لك حلولاً متكاملة للعناية بجمالك وصحتك بأسعار تنافسية.,"الصحة ,  الجمال",,beauty,BEAUTY,,11/,10000,"<h1 class=""h5"">Beauty - Order Now</h1><p>Get the best health and beauty products at Abdin Pharmacies. We offer you comprehensive solutions for your beauty and health at competitive prices.  </p>",2,2022-12-20 11:20:12.501375,2,2024-10-01 11:05:54.902736,,,
12,,الضروريات اليومية | صيدليات عابدين,الضروريات اليومية | صيدليات عابدين | اكتشف تشكيلة واسعة من الضروريات اليومية في صيدليات عابدين. نوفر لك كل ما تحتاجه لاحتياجاتك اليومية الصحية بأسعار مميزة.,الضروريات اليومية,,everyday-essentials,everyday essentials,,12/,10000,"<h1 class=""h5"">Everyday Essentials - Order Now</h1><p>Discover a wide range of daily essentials at Abdin Pharmacies. We provide everything you need for your daily health needs at special prices.  </p>",2,2022-12-20 11:20:12.501375,2,2024-10-01 11:05:54.902736,,,
13,,الرجل والمرأة | صيدليات عابدين,الرجل والمرأة | صيدليات عابدين | استكشف مجموعة متنوعة من منتجات العناية بالرجل والمرأة في صيدليات عابدين. نوفر لك كل ما تحتاجه للعناية بصحتك وجمالك.,"الرجل , المرأة",,man-and-woman,MAN And WOMAN,,13/,10000,"<h1 class=""h5"">Man And Woman - Order Now</h1><p>Men and Women | Abdin Pharmacies | Explore a variety of personal care products for men and women at Abdin Pharmacies. We offer everything you need to take care of your health and beauty.  </p>",2,2022-12-20 11:20:12.501375,2,2024-10-01 11:05:54.902736,,,
14,,المستلزمات الطبية | صيدليات عابدين,المستلزمات الطبية | صيدليات عابدين | توفر صيدليات عابدين مستلزمات طبية عالية الجودة لدعم صحتك وراحتك. اكتشف تشكيلة شاملة من المعدات والمستلزمات الطبية المنزلية.,المستلزمات الطبية,,medical-supplies,Medical Supplies,,14/,10000,"<h1 class=""h5"">Medical Supplies - Order Now</h1><p>Abdin Pharmacies provide high-quality medical supplies to support your health and comfort. Discover a comprehensive range of home medical equipment and supplies.  </p>",2,2022-12-20 11:20:12.501375,2,2024-10-01 11:05:54.902736,,,
15,,الأدوية والمستحضرات الطبية | صيدليات عابدين,اكتشف مجموعة واسعة من الأدوية والمستحضرات الطبية -المحلية والمستوردة- في صيدليات عابدين. نوفر لك أفضل المنتجات الصحية والعلاجات بأعلى جودة لتلبية احتياجاتك الصحية اليومية,"ادوية محلي, أدوية مستوردة",/web/image/website/1/logo?unique=040c007,imported-local-medicine,MEDICINES,,15/,10000,"<h1 class=""h5"">Medicines - Order Now</h1><p>Discover a wide range of local and imported medicines and medical products at Abdin Pharmacies. We offer the best health products and treatments of the highest quality to meet your daily health needs.  </p>",2,2022-12-20 11:20:12.501375,2,2024-10-01 11:05:54.902736,,,
16,,العناية بالأم والطفل | صيدليات عابدين,العناية بالأم والطفل | صيدليات عابدين | تجدين كل ما تحتاجينه للعناية بالأم والطفل في صيدليات عابدين. نوفر منتجات عالية الجودة لصحة الأم وراحة الطفل.,"العناية بالأم , الطفل",,mom-and-baby-care,mom And baby care,,16/,10000,"<h1 class=""h5"">Mom And Baby Care - Order Now</h1><p>Mother and Baby Care | Abdin Pharmacies | Find everything you need for mother and baby care at Abdin Pharmacies. We provide high-quality products for maternal health and baby comfort.  </p>",2,2022-12-20 11:20:12.501375,2,2024-10-01 11:05:54.902736,,,
17,,العناية الشخصية | صيدليات عابدين,العناية الشخصية | صيدليات عابدين | احصل على منتجات العناية الشخصية من صيدليات عابدين لتعزيز روتينك اليومي. نوفر لك مجموعة متنوعة من أفضل المستحضرات للحفاظ على صحتك ونظافتك.,العناية الشخصية,,personal-care,personal Care,,17/,10000,"<h1 class=""h5"">Personal Care - Order Now</h1><p>Personal Care | Abdin Pharmacies | Get personal care products from Abdin Pharmacies to enhance your daily routine. We offer a variety of the best products to maintain your health and cleanliness.  </p>",2,2022-12-20 11:20:12.501375,2,2024-10-01 11:05:54.902736,,,
18,,الفيتامينات والمكملات الغذائية | صيدليات عابدين,الفيتامينات والمكملات الغذائية | صيدليات عابدين | احصل على الفيتامينات والمكملات الغذائية اللازمة لدعم صحتك اليومية من صيدليات عابدين. نوفر لك أفضل المنتجات لتعزيز صحتك ونشاطك.,"الفيتامينات , المكملات الغذائية",,vitamins-and-supplements,vitamins And supplements,,18/,10000,"<h1 class=""h5"">Vitamins And Supplements - Order Now</h1><p>Vitamins and Supplements | Abdin Pharmacies | Get the vitamins and supplements you need to support your daily health from Abdin Pharmacies. We offer the best products to boost your health and energy.  </p>",2,2022-12-20 11:20:12.501375,2,2024-10-01 11:05:54.902736,,,
65,,العناية بالجمال | صيدليات عابدين,العناية بالجمال | صيدليات عابدين | دللي نفسك مع أفضل منتجات العناية بالجمال من صيدليات عابدين. نقدم مجموعة متنوعة من المستحضرات التجميلية لتحسين إطلالتك.,العناية بالجمال,,beauty-beauty-care,Beauty care,11,11/65/,10005,"<h1 class=""h5"">Beauty - Beauty Care - Order Now</h1><p>Beauty Care | Abdin Pharmacies | Pamper yourself with the best beauty care products from Abdin Pharmacies. We offer a wide range of cosmetic products to enhance your look.  </p>",2,2022-12-20 11:21:06.839752,2,2024-10-01 11:05:54.902736,,,
66,,العناية بالوجه | صيدليات عابدين,العناية بالوجه | صيدليات عابدين | احصلي على مستحضرات العناية بالوجه المثالية في صيدليات عابدين. نقدم لك أفضل المنتجات للحفاظ على نضارة بشرتك وإشراقها.,العناية بالوجه,,beauty-face-care,Face Care,11,11/66/,10010,"<h1 class=""h5"">Beauty - Face Care - Order Now</h1><p>Facial Care | Abdin Pharmacies | Get the perfect facial care products at Abdin Pharmacies. We provide the best products to keep your skin fresh and radiant.  </p>",2,2022-12-20 11:21:06.839752,2,2024-10-01 11:05:54.902736,,,
67,,مستحضرات العناية بالشعر | صيدليات عابدين,مستحضرات العناية بالشعر | صيدليات عابدين | اكتشف أفضل مستحضرات العناية بالشعر من صيدليات عابدين. حافظ على صحة شعرك وتألقه مع مجموعة من الشامبوهات والزيوت المتخصصة.,مستحضرات العناية بالشعر,,beauty-hair-care,hair care,11,11/67/,10015,"<h1 class=""h5"">Beauty - Hair Care - Order Now</h1><p>Hair Care Products | Abdin Pharmacies | Discover the best hair care products from Abdin Pharmacies. Keep your hair healthy and shiny with a range of specialized shampoos and oils.  </p>",2,2022-12-20 11:21:06.839752,2,2024-10-01 11:05:54.902736,,,
68,,مستحضرات العناية بالبشرة | صيدليات عابدين,مستحضرات العناية بالبشرة | صيدليات عابدين | دللي بشرتك مع أفضل مستحضرات العناية بالبشرة المتوفرة في صيدليات عابدين. اختاري من مجموعة واسعة من المنتجات لتغذية وحماية بشرتك.,مستحضرات العناية بالبشرة,,beauty-skin-care,skin care,11,11/68/,10020,"<h1 class=""h5"">Beauty - Skin Care - Order Now</h1><p>Skin Care Products | Abdin Pharmacies | Pamper your skin with the best skin care products available at Abdin Pharmacies. Choose from a wide range of products to nourish and protect your skin.  </p>",2,2022-12-20 11:21:06.839752,2,2024-10-01 11:05:54.902736,,,
69,,اللياقة البدنية والرياضة | صيدليات عابدين,اللياقة البدنية والرياضة | صيدليات عابدين | تعزز لياقتك البدنية مع مجموعة من منتجات اللياقة والرياضة في صيدليات عابدين. احصل على المعدات والمكملات اللازمة لدعم نشاطك الرياضي.,"اللياقة البدنية , الرياضة",,everyday-essentials-fittness-and-sport,Fittness and Sport,12,12/69/,10025,"<h1 class=""h5"">Everyday Essentials - Fittness And Sport - Order Now</h1><p>Fitness and Sports | Abdin Pharmacies | Enhance your physical fitness with a range of fitness and sports products at Abdin Pharmacies. Get the equipment and supplements you need to support your athletic activities.  </p>",2,2022-12-20 11:21:06.839752,2,2024-10-01 11:05:54.902736,,,
70,,رعاية المرضى في المنزل | صيدليات عابدين,رعاية المرضى في المنزل | صيدليات عابدين | تقدم صيدليات عابدين حلولًا شاملة لرعاية المرضى في المنزل، بما في ذلك المستلزمات الطبية والمنتجات الضرورية لراحة المرضى.,رعاية المرضى في المنزل,,everyday-essentials-home-patient-care,Home Patient Care,12,12/70/,10030,"<h1 class=""h5"">Everyday Essentials - Home Patient Care - Order Now</h1><p>Home Patient Care | Abdin Pharmacies | Abdin Pharmacies offer comprehensive home patient care solutions, including essential medical supplies and products for patient comfort.  </p>",2,2022-12-20 11:21:06.839752,2,2024-10-01 11:05:54.902736,,,
71,,منتجات صحية ومنزلية | صيدليات عابدين,منتجات صحية ومنزلية | صيدليات عابدين | اكتشف مجموعة واسعة من المنتجات الصحية والمنزلية في صيدليات عابدين. كل ما تحتاجه لراحتك وصحتك اليومية بأسعار تنافسية.,"منتجات صحية , منزلية",,everyday-essentials-hygenic-and-household-products,Hygenic And Household Products,12,12/71/,10035,"<h1 class=""h5"">Hygenic And Household Products - Order Now</h1><p>Health and Home Products | Abdin Pharmacies | Discover a wide range of health and home products at Abdin Pharmacies. Everything you need for your daily comfort and health at competitive prices.  </p>",2,2022-12-20 11:21:06.839752,2,2024-10-01 11:05:54.902736,,,
72,,ادوات المساعدة علي الحركة | صيدليات عابدين,أدوات المساعدة على الحركة | صيدليات عابدين | نوفر لك أدوات المساعدة على الحركة من صيدليات عابدين لتعزيز استقلاليتك وراحتك. اختر من مجموعة متنوعة من العكازات والكراسي المتحركة وغيرها.,ادوات المساعدة علي الحركة,,everyday-essentials-mobility,Mobility,12,12/72/,10040,"<h1 class=""h5"">Everyday Essentials - Mobility - Order Now</h1><p>Mobility Aids | Abdin Pharmacies | We provide mobility aids from Abdin Pharmacies to enhance your independence and comfort. Choose from a variety of crutches, wheelchairs, and more.  </p>",2,2022-12-20 11:21:06.839752,2,2024-10-01 11:05:54.902736,,,
74,,رعاية الرجال | صيدليات عابدين,رعاية الرجال | صيدليات عابدين | احصل على أفضل منتجات العناية الخاصة بالرجال في صيدليات عابدين. نوفر لك كل ما تحتاجه من مستحضرات العناية الشخصية والصحية.,رعاية الرجال,,man-and-woman-men-care,men care,13,13/74/,10050,"<h1 class=""h5"">Man And Woman - Men Care - Order Now</h1><p>Men's Care | Abdin Pharmacies | Get the best personal care products for men at Abdin Pharmacies. We offer everything you need for personal and health care.  </p>",2,2022-12-20 11:21:06.839752,2,2024-10-01 11:05:54.902736,,,
75,,العناية بالمرأة | صيدليات عابدين,العناية بالمرأة | صيدليات عابدين | اكتشفي منتجات العناية المتخصصة بالمرأة في صيدليات عابدين. نقدم لك كل ما تحتاجينه للحفاظ على صحتك وجمالك اليومي.,العناية بالمرأة,,man-and-woman-woman-care,WOMAN CARE,13,13/75/,10055,"<h1 class=""h5"">Man And Woman - Woman Care - Order Now</h1><p>Women's Care | Abdin Pharmacies | Discover specialized women's care products at Abdin Pharmacies. We offer everything you need to maintain your daily health and beauty.  </p>",2,2022-12-20 11:21:06.839752,2,2024-10-01 11:05:54.902736,,,
76,,مستحضرات الصابون طبي | صيدليات عابدين,مستحضرات الصابون الطبي | صيدليات عابدين | احصل على مستحضرات الصابون الطبي للعناية بالبشرة والنظافة الشخصية في صيدليات عابدين. نقدم أفضل أنواع الصابون الطبي لجميع أنواع البشرة.,مستحضرات الصابون طبي,,medical-supplies-medical-soap,MEDICAL SOAP,14,14/76/,10060,"<h1 class=""h5"">Medical Supplies - Medical Soap - Order Now</h1><p>Medical Soap Products | Abdin Pharmacies | Get medical soap products for skincare and personal hygiene at Abdin Pharmacies. We offer the best types of medical soap for all skin types.  </p>",2,2022-12-20 11:21:06.839752,2,2024-10-01 11:05:54.902736,,,
77,,ادوية الحساسية | صيدليات عابدين,تجد في صيدليات عابدين أفضل أدوية الحساسية لعلاج الأعراض بفعالية وسرعة. نقدم مجموعة متنوعة من الأدوية المضادة للحساسية لضمان راحتك وصحتك,ادوية الحساسية,/web/image/website/1/logo?unique=040c007,medicines-allergy,Allergy,15,15/77/,10065,"<h1 class=""h5"">Medicines - Allergy - Order Now</h1><p>Find the best allergy medications at Abdin Pharmacies to treat symptoms effectively and quickly. We offer a wide range of anti-allergy medications to ensure your comfort and health.  </p>",2,2022-12-20 11:21:06.839752,2,2024-10-01 11:05:54.902736,,,
78,,أدوية مسكنات | صيدليات عابدين,صيدليات عابدين تقدم حلولًا متميزة لتخفيف الألم من خلال تشكيلة واسعة من أدوية المسكنات  ,أدوية مسكنات,,medicines-analgesics,Analgesics,15,15/78/,10070,"<h1 class=""h5"">Medicines - Analgesics - Order Now</h1><p>Abdin Pharmacies provide excellent solutions for pain relief with a wide range of painkillers.  </p>",2,2022-12-20 11:21:06.839752,2,2024-10-01 11:05:54.902736,,,
79,,أدوية المخ و الأعصاب | صيدليات عابدين,"Meta Description:  
""احصل على أفضل أدوية المخ والأعصاب في صيدليات عابدين. نوفر العلاجات المتخصصة لصحة الجهاز العصبي بأعلى جودة لدعم حالتك الصحية.""","المخ و الأعصاب, المخ والأعصاب",/web/image/website/1/logo?unique=040c007,medicines-brain-and-nervous-system,BRAIN And NERVOUS SYSTEM,15,15/79/,10075,"<h1 class=""h5"">Medicines - Brain And Nervous System - Order Now</h1><p>Get the best brain and nervous system medications at Abdin Pharmacies. We offer specialized treatments for nervous system health at the highest quality to support your well-being.  </p>",2,2022-12-20 11:21:06.839752,2,2024-10-01 11:05:54.902736,,,
80,,أدوية الأذن | صيدليات عابدين,احصل على العناية المثلى لصحة الأذن مع الأدوية المتخصصة من صيدليات عابدين  ,أدوية الأذن,,medicines-ear,Ear,15,15/80/,10080,"<h1 class=""h5"">Medicines - Ear - Order Now</h1><p>Get optimal ear health care with specialized medications from Abdin Pharmacies.  </p>",2,2022-12-20 11:21:06.839752,2,2024-10-01 11:05:54.902736,,,
81,,أدوية العين | صيدليات عابدين,توفير العناية الكاملة لصحة العين مع أفضل الأدوية من صيدليات عابدين  ,أدوية العين,,medicines-eye,EYE,15,15/81/,10085,"<h1 class=""h5"">Medicines - Eye - Order Now</h1><p>Ensure complete eye health care with the best medications from Abdin Pharmacies.  </p>",2,2022-12-20 11:21:06.839752,2,2024-10-01 11:05:54.902736,,,
82,,ادوية القلب و الاوعية الدموية | صيدليات عابدين,توفر صيدليات عابدين مجموعة شاملة من أدوية القلب والأوعية الدموية لدعم صحة القلب والدورة الدموية. اكتشف العلاجات الفعالة بأعلى جودة لضمان سلامتك.,"القلب, الاوعية الدموية",/web/image/website/1/logo?unique=040c007,heart-and-blood-vessels,HEART And BLOOD VESSELS,15,15/82/,10090,"<h1 class=""h5"">Medicines - Heart And Blood Vessels - Order Now</h1><p>Abdin Pharmacies provide a comprehensive range of cardiovascular medications to support heart and circulatory health. Discover effective treatments of the highest quality to ensure your safety.  </p>",2,2022-12-20 11:21:06.839752,2,2024-10-01 11:05:54.902736,,,
83,,أدوية الهرمونات | صيدليات عابدين,تحكم في توازن الهرمونات من خلال أدوية فعالة تقدمها صيدليات عابدين  ,أدوية الهرمونات,,medicines-hormones,HORMONES,15,15/83/,10095,"<h1 class=""h5"">Medicines - Hormones - Order Now</h1><p>Balance your hormones with effective medications provided by Abdin Pharmacies.  </p>",2,2022-12-20 11:21:06.839752,2,2024-10-01 11:05:54.902736,,,
84,,أدوية العدوى | صيدليات عابدين,علاج شامل لجميع أنواع العدوى بفضل الأدوية المتوفرة في صيدليات عابدين  ,أدوية العدوى,,medicines-infections,INFECTIONS,15,15/84/,10100,"<h1 class=""h5"">Medicines - Infections - Order Now</h1><p>Comprehensive treatment for all types of infections with the medications available at Abdin Pharmacies.  </p>",2,2022-12-20 11:21:06.839752,2,2024-10-01 11:05:54.902736,,,
85,,أدوية الكلى والجهاز البولي | صيدليات عابدين,حافظ على صحة الكلى والجهاز البولي بأفضل العلاجات من صيدليات عابدين  ,"أدوية الكلى , الجهاز البولي",,medicines-kidney-and-urinary-system,KIDNEY And URINARY SYSTEM,15,15/85/,10105,"<h1 class=""h5"">Medicines - Kidney And Urinary System - Order Now</h1><p>Maintain kidney and urinary tract health with the best treatments from Abdin Pharmacies.  </p>",2,2022-12-20 11:21:06.839752,2,2024-10-01 11:05:54.902736,,,
86,,مستحضرات المعملية | صيدليات عابدين,للمعامل والمتخصصين، صيدليات عابدين توفر مستحضرات معملية عالية الجودة  ,مستحضرات المعملية,,medicines-laboratory-preparations-and-infusions,LABORATORY PREPARATIONS And INFUSIONS,15,15/86/,10110,"<h1 class=""h5"">Laboratory Preparations And Infusions - Order Now</h1><p>For laboratories and specialists, Abdin Pharmacies provide high-quality laboratory products.  </p>",2,2022-12-20 11:21:06.839752,2,2024-10-01 11:05:54.902736,,,
87,,أدوية الكبد والجهاز الهضمي | صيدليات عابدين,العناية بالكبد والجهاز الهضمي مع أدوية مبتكرة لدى صيدليات عابدين  ,"أدوية الكبد , الجهاز الهضمي",,medicines-liver-and-digestive-system,LIVER And DIGESTIVE SYSTEM,15,15/87/,10115,"<h1 class=""h5"">Medicines - Liver And Digestive System - Order Now</h1><p>Liver and digestive care with innovative medications at Abdin Pharmacies.  </p>",2,2022-12-20 11:21:06.839752,2,2024-10-01 11:05:54.902736,,,
88,,أدوية صحة الرجال | صيدليات عابدين,عزز صحة الرجال بأدوية متخصصة متوفرة في صيدليات عابدين  ,أدوية صحة الرجال,,medicines-men's-health,MEN'S HEALTH,15,15/88/,10120,"<h1 class=""h5"">Medicines - Men'S Health - Order Now</h1><p>Enhance men's health with specialized medications available at Abdin Pharmacies.  </p>",2,2022-12-20 11:21:06.839752,2,2024-10-01 11:05:54.902736,,,
89,,أدوية الفم والحلق | صيدليات عابدين,احصل على العناية الشاملة للفم والحلق مع أفضل الأدوية من صيدليات عابدين  ,"أدوية الفم , الحلق",,medicines-mouth-and-throat,MOUTH And THROAT,15,15/89/,10125,"<h1 class=""h5"">Medicines - Mouth And Throat - Order Now</h1><p>Get comprehensive oral and throat care with the best medications from Abdin Pharmacies.  </p>",2,2022-12-20 11:21:06.839752,2,2024-10-01 11:05:54.902736,,,
90,,أدوية الأنف | صيدليات عابدين,أدوية الأنف عالية الفعالية تنتظرك في صيدليات عابدين  ,أدوية الأنف,,medicines-nose,Nose,15,15/90/,10130,"<h1 class=""h5"">Medicines - Nose - Order Now</h1><p>Highly effective nasal medications await you at Abdin Pharmacies.  </p>",2,2022-12-20 11:21:06.839752,2,2024-10-01 11:05:54.902736,,,
91,,أدوية الجهاز التنفسي | صيدليات عابدين,عالج مشكلات الجهاز التنفسي بأدوية موثوقة من صيدليات عابدين  ,أدوية الجهاز التنفسي,,medicines-respiratory-system,RESPIRATORY SYSTEM,15,15/91/,10135,"<h1 class=""h5"">Medicines - Respiratory System - Order Now</h1><p>Treat respiratory problems with trusted medications from Abdin Pharmacies.  </p>",2,2022-12-20 11:21:06.839752,2,2024-10-01 11:05:54.902736,,,
92,,أدوية الجلد | صيدليات عابدين,حافظ على صحة بشرتك مع مجموعة أدوية الجلد من صيدليات عابدين  ,أدوية الجلد,,medicines-skin,SKIN,15,15/92/,10140,"<h1 class=""h5"">Medicines - Skin - Order Now</h1><p>Maintain your skin health with a range of dermatological medications from Abdin Pharmacies.  </p>",2,2022-12-20 11:21:06.839752,2,2024-10-01 11:05:54.902736,,,
94,,أدوية صحة المرأة | صيدليات عابدين,اهتمام كامل بصحة المرأة من خلال أدوية مختارة بعناية في صيدليات عابدين  ,أدوية صحة المرأة,,medicines-women's-health,WOMEN'S HEALTH,15,15/94/,10150,"<h1 class=""h5"">Medicines - Women'S Health - Order Now</h1><p>Complete care for women's health with carefully selected medications at Abdin Pharmacies.  </p>",2,2022-12-20 11:21:06.839752,2,2024-10-01 11:05:54.902736,,,
95,,إكسسوارات الأطفال | صيدليات عابدين,أكسسوارات الأطفال المتنوعة تجدها فقط في صيدليات عابدين  ,إكسسوارات الأطفال,,mom-and-baby-care-baby-accessories,Baby Accessories,16,16/95/,10155,"<h1 class=""h5"">Mom And Baby Care - Baby Accessories - Order Now</h1><p>A variety of children's accessories can only be found at Abdin Pharmacies.  </p>",2,2022-12-20 11:21:06.839752,2,2024-10-01 11:05:54.902736,,,
96,,مستحضرات حفاضات الأطفال ومناديلهم | صيدليات عابدين,مستحضرات حفاضات الأطفال ومناديلهم، كل ما تحتاجه لرعاية صغيرة متكاملة في صيدليات عابدين  ,"مستحضرات حفاضات الأطفال , مناديلهم",,mom-and-baby-care-baby-nappies-and-wipes,Baby Nappies And Wipes,16,16/96/,10160,"<h1 class=""h5"">Baby Nappies And Wipes - Order Now</h1><p>Baby diapers and wipes, everything you need for complete baby care at Abdin Pharmacies.  </p>",2,2022-12-20 11:21:06.839752,2,2024-10-01 11:05:54.902736,,,
97,,مستحضرات تغذية الأطفال | صيدليات عابدين,لأفضل تغذية للأطفال، صيدليات عابدين تقدم لك الحلول المثالية  ,مستحضرات تغذية الأطفال,,mom-and-baby-care-baby-nutrition,Baby Nutrition,16,16/97/,10165,"<h1 class=""h5"">Mom And Baby Care - Baby Nutrition - Order Now</h1><p>For the best child nutrition, Abdin Pharmacies offers you the perfect solutions.  </p>",2,2022-12-20 11:21:06.839752,2,2024-10-01 11:05:54.902736,,,
98,,مستلزمات الأطفال | صيدليات عابدين,كل ما يحتاجه طفلك، متوفر بمستلزمات عالية الجودة من صيدليات عابدين  ,مستلزمات الأطفال,,mom-and-baby-care-baby-toiletries,Baby Toiletries,16,16/98/,10170,"<h1 class=""h5"">Mom And Baby Care - Baby Toiletries - Order Now</h1><p>Everything your child needs is available with high-quality supplies from Abdin Pharmacies.  </p>",2,2022-12-20 11:21:06.839752,2,2024-10-01 11:05:54.902736,,,
99,,رعاية الأم | صيدليات عابدين,العناية المثلى للأمهات تبدأ مع مستحضرات رعاية الأم من صيدليات عابدين  ,رعاية الأم,,mom-and-baby-care-mom-care,mom care,16,16/99/,10175,"<h1 class=""h5"">Mom And Baby Care - Mom Care - Order Now</h1><p>Optimal care for mothers begins with maternal care products from Abdin Pharmacies.  </p>",2,2022-12-20 11:21:06.839752,2,2024-10-01 11:05:54.902736,,,
100,,مستحضرات العناية بالجسم | صيدليات عابدين,دللي نفسك مع أفضل مستحضرات العناية بالجسم من صيدليات عابدين  ,مستحضرات العناية بالجسم,,personal-care-bath-and-shower,Bath And Shower,17,17/100/,10180,"<h1 class=""h5"">Personal Care - Bath And Shower - Order Now</h1><p>Pamper yourself with the best body care products from Abdin Pharmacies.  </p>",2,2022-12-20 11:21:06.839752,2,2024-10-01 11:05:54.902736,,,
101,,مستحضرات العناية بالجسم | صيدليات عابدين,معطرات الجسم الرائعة، تجدينها في صيدليات عابدين لتعزيز انتعاشك اليومي  ,مستحضرات العناية بالجسم,,personal-care-body-care-p,Body Care,17,17/101/,10185,"<h1 class=""h5"">Personal Care - Body Care Products - Order Now</h1><p>Wonderful body sprays are available at Abdin Pharmacies to enhance your daily freshness.  </p>",2,2022-12-20 11:21:06.839752,2,2024-10-01 11:05:54.902736,,,
102,,مستحضرات معطرات الجسم | صيدليات عابدين,العناية بالفم على أعلى مستوى مع مستحضرات خاصة من صيدليات عابدين  ,مستحضرات معطرات الجسم,,personal-care-body-fresheners,Body Fresheners,17,17/102/,10190,"<h1 class=""h5"">Personal Care - Body Fresheners - Order Now</h1><p>Top-level oral care with specialized products from Abdin Pharmacies.  </p>",2,2022-12-20 11:21:06.839752,2,2024-10-01 11:05:54.902736,,,
103,,مستحضرات العناية بالفم | صيدليات عابدين,استمتع بتشكيلة راقية من العطور الفاخرة المتوفرة في صيدليات عابدين  ,مستحضرات العناية بالفم,,personal-care-oral-care,Oral Care,17,17/103/,10195,"<h1 class=""h5"">Personal Care - Oral Care - Order Now</h1><p>Enjoy a sophisticated selection of luxury perfumes available at Abdin Pharmacies.  </p>",2,2022-12-20 11:21:06.839752,2,2024-10-01 11:05:54.902736,,,
104,,مستحضرات العطور | صيدليات عابدين,أجهزة العناية الشخصية تضمن لك راحة واهتمام يومي من صيدليات عابدين  ,مستحضرات العطور,,personal-care-perfumes,Perfumes,17,17/104/,10200,"<h1 class=""h5"">Personal Care - Perfumes - Order Now</h1><p>Personal care devices ensure daily comfort and care from Abdin Pharmacies.  </p>",2,2022-12-20 11:21:06.839752,2,2024-10-01 11:05:54.902736,,,
105,,أجهزة العناية الشخصية | صيدليات عابدين,للحلول العشبية، صيدليات عابدين تقدم منتجات طبيعية وفعالة  ,أجهزة العناية الشخصية,,personal-care-personal-care-devices,personal care Devices,17,17/105/,10205,"<h1 class=""h5"">Personal Care - Personal Care Devices - Order Now</h1><p>For herbal solutions, Abdin Pharmacies offers natural and effective products.  </p>",2,2022-12-20 11:21:06.839752,2,2024-10-01 11:05:54.902736,,,
106,,منتجات عشبية | صيدليات عابدين,صحتك المعدنية بأمان مع مستحضرات المعادن المتوفرة في صيدليات عابدين  ,منتجات عشبية,,vitamins-and-supplements-herbal-products,HERBAL PRODUCTS,18,18/106/,10210,"<h1 class=""h5"">Herbal Products - Order Now</h1><p>Secure your mineral health with mineral supplements available at Abdin Pharmacies.  </p>",2,2022-12-20 11:21:06.839752,2,2024-10-01 11:05:54.902736,,,
107,,مستحضرات المعادن | صيدليات عابدين,فيتامينات متعددة لتعزيز حيويتك، متوفرة في صيدليات عابدين  ,مستحضرات المعادن,,vitamins-and-supplements-minerals,MINERALS,18,18/107/,10215,"<h1 class=""h5"">Vitamins And Supplements - Minerals - Order Now</h1><p>Multivitamins to boost your vitality are available at Abdin Pharmacies.  </p>",2,2022-12-20 11:21:06.839752,2,2024-10-01 11:05:54.902736,,,
108,,فيتامينات متعددة | صيدليات عابدين,لدعم نمط حياتك الصحي، صيدليات عابدين توفر مستحضرات التغذية والمكملات الغذائية,فيتامينات متعددة,,vitamins-and-supplements-multivitamins,MULTIVITAMINS,18,18/108/,10220,"<h1 class=""h5"">Vitamins And Supplements - Multivitamins - Order Now</h1><p>To support your healthy lifestyle, Abdin Pharmacies provide nutritional products and supplements.  </p>",2,2022-12-20 11:21:06.839752,2,2024-10-01 11:05:54.902736,,,
109,,مستحضرات التغذية والمكملات الغذائية | صيدليات عابدين,في صيدليات عابدين، تجد مستحضرات تغذية والمكملات الغذائية التي تعزز صحتك العامة  ,"مستحضرات التغذية , المكملات الغذائية",,vitamins-and-supplements-nutrition-supplements,NUTRITION SUPPLEMENTS,18,18/109/,10225,"<h1 class=""h5"">Nutrition Supplements - Order Now</h1><p>At Abdin Pharmacies, you’ll find nutrition products and supplements to enhance your overall health.  </p>",2,2022-12-20 11:21:06.839752,2,2024-10-01 11:05:54.902736,,,
110,,مستحضرات الفيتامينات | صيدليات عابدين,تعرف على أفضل مستحضرات الفيتامينات التي تدعم مناعتك من صيدليات عابدين  ,مستحضرات الفيتامينات,,vitamins-and-supplements-vitamins,VITAMINS,18,18/110/,10230,"<h1 class=""h5"">Vitamins And Supplements - Vitamins - Order Now</h1><p>Discover the best vitamin products that support your immunity from Abdin Pharmacies.  </p>",2,2022-12-20 11:21:06.839752,2,2024-10-01 11:05:54.902736,,,
807,,أدوية حساسية تحتوي علي كورتيزون | صيدليات عابدين,أدوية حساسية تحتوي على كورتيزون لعلاج سريع وفعال من صيدليات عابدين  ,أدوية حساسية تحتوي علي كورتيزون,,medicines-allergy-corticosteroids,Corticosteroids,15,15/807/,10235,"<h1 class=""h5"">Medicines - Corticosteroids - Order Now</h1><p>Cortisone-based allergy medications for fast and effective treatment from Abdin Pharmacies.  </p>",2,2022-12-20 11:31:29.566546,2,2024-10-01 11:05:54.902736,,,
808,,أدوية تشنجات العضلات | صيدليات عابدين,علاج تشنجات العضلات بفضل أدوية موثوقة متوفرة في صيدليات عابدين  ,أدوية تشنجات العضلات,,medicines-analgesics-muscle-spasms,Muscle Spasms,78,15/78/808/,10240,"<h1 class=""h5"">Medicines - Analgesics - Muscle Spasms - Order Now</h1><p>Muscle spasm treatment with reliable medications available at Abdin Pharmacies.  </p>",2,2022-12-20 11:31:29.566546,2,2024-10-01 11:05:54.902736,,,
809,,أدوية الألم والالتهابات | صيدليات عابدين,تخفيف الألم والتهابات الجسم مع أدوية مختارة من صيدليات عابدين  ,"أدوية الألم , الالتهابات",,medicines-analgesics-pain-and-inflamations,PAIN And INFLAMATIONS,78,15/78/809/,10245,"<h1 class=""h5"">Analgesics - Pain And Inflamations - Order Now</h1><p>Pain and inflammation relief with selected medications from Abdin Pharmacies.  </p>",2,2022-12-20 11:31:29.566546,2,2024-10-01 11:05:54.902736,,,
810,,إكسسوارات تغذية الأطفال | صيدليات عابدين,إكسسوارات تغذية الأطفال المتنوعة لضمان راحتهم متاحة في صيدليات عابدين  ,إكسسوارات تغذية الأطفال,,mom-and-baby-care-baby-accessories-baby-feeding-accessories,Baby Feeding Accessories,95,16/95/810/,10250,"<h1 class=""h5"">Baby Accessories - Feeding Accessories - Order Now</h1><p>A variety of baby feeding accessories to ensure their comfort are available at Abdin Pharmacies.  </p>",2,2022-12-20 11:31:29.566546,2,2024-10-01 11:05:54.902736,,,
811,,مستحضرات سلامة الأطفال | صيدليات عابدين,لأمان طفلك، مستحضرات سلامة الأطفال متوفرة في صيدليات عابدين  ,مستحضرات سلامة الأطفال,,mom-and-baby-care-baby-accessories-baby-safety,Baby Safety,95,16/95/811/,10255,"<h1 class=""h5"">Baby Accessories - Baby Safety - Order Now</h1><p>For your child’s safety, children's safety products are available at Abdin Pharmacies.  </p>",2,2022-12-20 11:31:29.566546,2,2024-10-01 11:05:54.902736,,,
812,,ألعاب الأطفال | صيدليات عابدين,مجموعة متنوعة من ألعاب الأطفال الترفيهية تجدها في صيدليات عابدين  ,ألعاب الأطفال,,mom-and-baby-care-baby-accessories-baby-toys,Baby Toys,95,16/95/812/,10260,"<h1 class=""h5"">Baby Accessories - Baby Toys - Order Now</h1><p>A variety of children's toys for entertainment are available at Abdin Pharmacies.  </p>",2,2022-12-20 11:31:29.566546,2,2024-10-01 11:05:54.902736,,,
813,,مستلزمات الأطفال | صيدليات عابدين,مستلزمات الأطفال التي تلبي جميع احتياجاتهم اليومية متوفرة في صيدليات عابدين  ,مستلزمات الأطفال,,mom-and-baby-care-baby-accessories-baby-travel-and-mobility,Baby Travel And Mobility,95,16/95/813/,10265,"<h1 class=""h5"">Baby Accessories - Travel And Mobility - Order Now</h1><p>Baby essentials that meet all their daily needs are available at Abdin Pharmacies.  </p>",2,2022-12-20 11:31:29.566546,2,2024-10-01 11:05:54.902736,,,
814,,الملحقات العامة | صيدليات عابدين,الملحقات العامة للأطفال والآباء متوفرة أيضًا في صيدليات عابدين  ,الملحقات العامة,,mom-and-baby-care-baby-accessories-general-accessories,General Accessories,95,16/95/814/,10270,"<h1 class=""h5"">Baby Accessories - General Accessories - Order Now</h1><p>General accessories for both children and parents are also available at Abdin Pharmacies.  </p>",2,2022-12-20 11:31:29.566546,2,2024-10-01 11:05:54.902736,,,
815,,حفاضات الأطفال | صيدليات عابدين,أفضل أنواع حفاضات الأطفال لضمان راحتهم متوفرة في صيدليات عابدين  ,حفاضات الأطفال,,mom-and-baby-care-baby-nappies-and-wipes-baby-diapers,Baby Diapers,96,16/96/815/,10275,"<h1 class=""h5"">Baby Nappies And Wipes - Baby Diapers - Order Now</h1><p>The best types of baby diapers to ensure their comfort are available at Abdin Pharmacies.  </p>",2,2022-12-20 11:31:29.566546,2,2024-10-01 11:05:54.902736,,,
816,,مناديل الأطفال | صيدليات عابدين,مناديل الأطفال بلطف ونعومة مثالية متوفرة في صيدليات عابدين  ,مناديل الأطفال,,mom-and-baby-care-baby-nappies-and-wipes-baby-wipes,Baby Wipes,96,16/96/816/,10280,"<h1 class=""h5"">Baby Nappies And Wipes - Baby Wipes - Order Now</h1><p>Gentle and perfectly soft baby wipes are available at Abdin Pharmacies.  </p>",2,2022-12-20 11:31:29.566546,2,2024-10-01 11:05:54.902736,,,
817,,المستلزمات الصحية | صيدليات عابدين,منتجات صحية متنوعة تجدها في صيدليات عابدين لضمان صحة عائلتك  ,المستلزمات الصحية,,mom-and-baby-care-baby-nappies-and-wipes-sanitary-essentials,Sanitary Essentials,96,16/96/817/,10285,"<h1 class=""h5"">Baby - Sanitary Essentials - Order Now</h1><p>Various health products to ensure your family’s well-being are available at Abdin Pharmacies.  </p>",2,2022-12-20 11:31:29.566546,2,2024-10-01 11:05:54.902736,,,
818,,بنطلونات التدريب | صيدليات عابدين,بنطلونات التدريب للأطفال لتسهيل مرحلة الانتقال تجدها في صيدليات عابدين  ,بنطلونات التدريب,,mom-and-baby-care-baby-nappies-and-wipes-training-pants,Training Pants,96,16/96/818/,10290,"<h1 class=""h5"">Baby Nappies And Wipes - Training Pants - Order Now</h1><p>Children’s training pants for an easier transition phase are available at Abdin Pharmacies.  </p>",2,2022-12-20 11:31:29.566546,2,2024-10-01 11:05:54.902736,,,
819,,منتجات أطعمة ومشروبات الأطفال | صيدليات عابدين,منتجات أطعمة ومشروبات صحية للأطفال متوفرة في صيدليات عابدين  ,"منتجات أطعمة , مشروبات الأطفال",,mom-and-baby-care-baby-nutrition-baby-food-and-drink,Baby Food and Drink,97,16/97/819/,10295,"<h1 class=""h5"">Baby Nutrition - Baby Food And Drink - Order Now</h1><p>Healthy food and drinks for children are available at Abdin Pharmacies.  </p>",2,2022-12-20 11:31:29.566546,2,2024-10-01 11:05:54.902736,,,
820,, منتجات الألبان | صيدليات عابدين,اختر منتجات الألبان الصحية من مجموعة صيدليات عابدين  , منتجات الألبان,,mom-and-baby-care-baby-nutrition-growing-up-milk,Growing Up Milk,97,16/97/820/,10300,"<h1 class=""h5"">Baby Nutrition - Growing Up Milk - Order Now</h1><p>Choose healthy dairy products from the Abdin Pharmacies collection.  </p>",2,2022-12-20 11:31:29.566546,2,2024-10-01 11:05:54.902736,,,
821,,حليب الأطفال | صيدليات عابدين,حليب الأطفال المغذي والمتوازن متوفر في صيدليات عابدين  ,حليب الأطفال,,mom-and-baby-care-baby-nutrition-infant-milk,Infant Milk,97,16/97/821/,10305,"<h1 class=""h5"">Baby Nutrition - Infant Milk - Order Now</h1><p>Nutritious and balanced baby milk is available at Abdin Pharmacies.  </p>",2,2022-12-20 11:31:29.566546,2,2024-10-01 11:05:54.902736,,,
822,,إكسسوارات العناية بالأطفال | صيدليات عابدين,إكسسوارات العناية بالأطفال التي تضمن راحتهم تجدها في صيدليات عابدين  ,إكسسوارات العناية بالأطفال,,mom-and-baby-care-baby-toiletries-baby-grooming-accessories,Baby Grooming Accessories,98,16/98/822/,10310,"<h1 class=""h5"">Baby Toiletries - Grooming Accessories - Order Now</h1><p>Baby care accessories that ensure their comfort can be found at Abdin Pharmacies.  </p>",2,2022-12-20 11:31:29.566546,2,2024-10-01 11:05:54.902736,,,
823,,مستحضرات منتجات العناية بالأطفال | صيدليات عابدين,منتجات العناية الشخصية للأطفال بمواد طبيعية وآمنة متوفرة في صيدليات عابدين  ,مستحضرات منتجات العناية بالأطفال,,mom-and-baby-care-baby-toiletries-baby-grooming-products,Baby Grooming Products,98,16/98/823/,10315,"<h1 class=""h5"">Baby Toiletries - Baby Grooming Products - Order Now</h1><p>Personal care products for children made from natural and safe ingredients are available at Abdin Pharmacies.  </p>",2,2022-12-20 11:31:29.566546,2,2024-10-01 11:05:54.902736,,,
824,,مستحضرات النظافة الشخصية | صيدليات عابدين,مستحضرات النظافة الشخصية للحفاظ على نظافة يومية متوفرة في صيدليات عابدين  ,مستحضرات النظافة الشخصية,,personal-care-bath-and-shower-bath-accessories,Bath Accessories,101,17/101/824/,10320,"<h1 class=""h5"">Body Care Products - Bath Accessories - Order Now</h1><p>Personal hygiene products for daily cleanliness are available at Abdin Pharmacies.  </p>",2,2022-12-20 11:31:29.566546,2,2024-10-01 11:05:54.902736,,,
825,,مستحضرات غسول اليدين | صيدليات عابدين,غسول اليدين المميز للعناية الفائقة بالنظافة متوفر في صيدليات عابدين  ,مستحضرات غسول اليدين,,personal-care-bath-and-shower-hand-wash,Hand Wash,101,17/101/825/,10325,"<h1 class=""h5"">Body Care Products - Hand Wash - Order Now</h1><p>Premium hand wash for exceptional cleanliness is available at Abdin Pharmacies.  </p>",2,2022-12-20 11:31:29.566546,2,2024-10-01 11:05:54.902736,,,
826,,مستحضرات جل الاستحمام | صيدليات عابدين,مستحضرات جل الاستحمام التي تمنحك تجربة منعشة ومميزة من صيدليات عابدين  ,مستحضرات جل الاستحمام,,personal-care-bath-and-shower-shower-gel,Shower Gel,101,17/101/826/,10330,"<h1 class=""h5"">Body Care Products - Shower Gel - Order Now</h1><p>Refreshing shower gels for a unique bathing experience are available at Abdin Pharmacies.  </p>",2,2022-12-20 11:31:29.566546,2,2024-10-01 11:05:54.902736,,,
827,,مستحضرات الصابون | صيدليات عابدين,أفضل أنواع الصابون للعناية ببشرتك تجدها في صيدليات عابدين  ,مستحضرات الصابون,,personal-care-bath-and-shower-soap-bars,Soap Bars,101,17/101/827/,10335,"<h1 class=""h5"">Body Care Products - Soap Bars - Order Now</h1><p>The best types of soap for skin care can be found at Abdin Pharmacies.  </p>",2,2022-12-20 11:31:29.566546,2,2024-10-01 11:05:54.902736,,,
828,,مستحضرات المكياج | صيدليات عابدين,مستحضرات المكياج الأنيقة التي تعزز جمالك متوفرة في صيدليات عابدين  ,مستحضرات المكياج,,beauty-beauty-care-make-up,Make-up,65,11/65/828/,10340,"<h1 class=""h5"">Beauty - Beauty Care - Make-Up - Order Now</h1><p>Elegant makeup products to enhance your beauty are available at Abdin Pharmacies.  </p>",2,2022-12-20 11:31:29.566546,2,2024-10-01 11:05:54.902736,,,
829,,مستحضرات أدوات العناية بالجسم | صيدليات عابدين,أدوات العناية بالجسم المصممة لتمنحك رعاية فائقة متوفرة في صيدليات عابدين  ,مستحضرات أدوات العناية بالجسم,,personal-care-body-care-p-body-care-tools,Body Care Tools,101,17/101/829/,10345,"<h1 class=""h5"">Body Care Products - Body Care Tools - Order Now</h1><p>Body care tools designed for superior care are available at Abdin Pharmacies.  </p>",2,2022-12-20 11:31:29.566546,2,2024-10-01 11:05:54.902736,,,
830,,مستحضرات العناية بالقدمين | صيدليات عابدين,العناية المثالية بقدميك تبدأ مع مستحضرات العناية بالقدمين من صيدليات عابدين  ,مستحضرات العناية بالقدمين,,personal-care-body-care-p-foot-care,Foot Care,101,17/101/830/,10350,"<h1 class=""h5"">Body Care Products - Foot Care - Order Now</h1><p>Perfect foot care begins with foot care products from Abdin Pharmacies.  </p>",2,2022-12-20 11:31:29.566546,2,2024-10-01 11:05:54.902736,,,
831,,مستحضرات العناية باليدين | صيدليات عابدين,مستحضرات العناية باليدين تمنحك ترطيب ونعومة فائقة تجدها في صيدليات عابدين  ,مستحضرات العناية باليدين,,personal-care-body-care-p-hand-care,Hand Care,101,17/101/831/,10355,"<h1 class=""h5"">Body Care Products - Hand Care - Order Now</h1><p>Hand care products that provide intense hydration and softness can be found at Abdin Pharmacies.  </p>",2,2022-12-20 11:31:29.566546,2,2024-10-01 11:05:54.902736,,,
832,,مستحضرات معطرات الجسم | صيدليات عابدين,معطرات الجسم الفواحة لتجربة منعشة ومتجددة في صيدليات عابدين  ,مستحضرات معطرات الجسم,,personal-care-body-fresheners-body-splash,Body Splash,102,17/102/832/,10360,"<h1 class=""h5"">Body Fresheners - Body Splash - Order Now</h1><p>Fragrant body sprays for a refreshing and renewed experience are available at Abdin Pharmacies.  </p>",2,2022-12-20 11:31:29.566546,2,2024-10-01 11:05:54.902736,,,
833,,مزيلات العرق للسيدات | صيدليات عابدين,مزيلات العرق المخصصة للسيدات تمنحك حماية تدوم طوال اليوم تجدينها في صيدليات عابدين  ,مزيلات العرق للسيدات,,personal-care-body-fresheners-lady-deodorants,Lady Deodorants,102,17/102/833/,10365,"<h1 class=""h5"">Body Fresheners - Lady Deodorants - Order Now</h1><p>Women’s deodorants offering long-lasting protection are available at Abdin Pharmacies.  </p>",2,2022-12-20 11:31:29.566546,2,2024-10-01 11:05:54.902736,,,
834,,مزيلات العرق للرجال | صيدليات عابدين,مزيلات العرق المخصصة للرجال التي توفر حماية فائقة متوفرة في صيدليات عابدين,مزيلات العرق للرجال,,personal-care-body-fresheners-men-deoderants,Men Deoderants,102,17/102/834/,10370,"<h1 class=""h5"">Body Fresheners - Men Deoderants - Order Now</h1><p>Men’s deodorants providing superior protection are available at Abdin Pharmacies.  </p>",2,2022-12-20 11:31:29.566546,2,2024-10-01 11:05:54.902736,,,
835,,أدوية الزهايمر | صيدليات عابدين,لمكافحة مرض الزهايمر، صيدليات عابدين تقدم لك أدوية فعالة  ,أدوية الزهايمر,,medicines-brain-and-nervous-system-alzheimer,Alzheimer,79,15/79/835/,10375,"<h1 class=""h5"">Brain And Nervous System - Alzheimer - Order Now</h1><p>For combating Alzheimer’s, Abdin Pharmacies offers effective medications.  </p>",2,2022-12-20 11:31:29.566546,2,2024-10-01 11:05:54.902736,,,
836,,أدوية القلق و الأرق | صيدليات عابدين,تخفيف مشكلات القلق والأرق بأدوية مخصصة من صيدليات عابدين  ,"أدوية القلق ,  الأرق",,medicines-brain-and-nervous-system-anxiety-and-insomnia,Anxiety And Insomnia,79,15/79/836/,10380,"<h1 class=""h5"">Brain And Nervous - Anxiety And Insomnia - Order Now</h1><p>Relieve anxiety and insomnia issues with specialized medications from Abdin Pharmacies.  </p>",2,2022-12-20 11:31:29.566546,2,2024-10-01 11:05:54.902736,,,
837,,أدوية الدماغ والجهاز العصبي | صيدليات عابدين,العناية بصحة الدماغ والجهاز العصبي مع أدوية متميزة من صيدليات عابدين  ,"أدوية الدماغ , الجهاز العصبي",,medicines-brain-and-nervous-system-brain-disorders,Brain Disorders,79,15/79/837/,10385,"<h1 class=""h5"">Brain Disorders And Nervous - Order Now</h1><p>Care for brain and nervous system health with outstanding medications from Abdin Pharmacies.  </p>",2,2022-12-20 11:31:29.566546,2,2024-10-01 11:05:54.902736,,,
838,,أدوية إكسسوارات العناية بالأسنان | صيدليات عابدين,إكسسوارات العناية بالأسنان وأدوية الفم الموثوقة متوفرة في صيدليات عابدين  ,أدوية إكسسوارات العناية بالأسنان,,medicines-brain-and-nervous-system-depression,Depression,79,15/79/838/,10390,"<h1 class=""h5"">Brain And Nervous System - Depression - Order Now</h1><p>Dental care accessories and trusted oral medications are available at Abdin Pharmacies.  </p>",2,2022-12-20 11:31:29.566546,2,2024-10-01 11:05:54.902736,,,
839,,أدوية الصرع | صيدليات عابدين,علاج نوبات الصرع بفعالية مع أدوية متخصصة من صيدليات عابدين  ,أدوية الصرع,,medicines-brain-and-nervous-system-epilepsy,Epilepsy,79,15/79/839/,10395,"<h1 class=""h5"">Brain And Nervous System - Epilepsy - Order Now</h1><p>Treat epilepsy effectively with specialized medications from Abdin Pharmacies.  </p>",2,2022-12-20 11:31:29.566546,2,2024-10-01 11:05:54.902736,,,
840,,أدوية التخدير الموضعي | صيدليات عابدين,للتخدير الموضعي، صيدليات عابدين توفر لك الحل الأمثل  ,أدوية التخدير الموضعي,,medicines-brain-and-nervous-system-local-anesthesia,Local Anesthesia,79,15/79/840/,10400,"<h1 class=""h5"">Brain And Nervous - Local Anesthesia - Order Now</h1><p>For local anesthesia, Abdin Pharmacies provides the ideal solution.  </p>",2,2022-12-20 11:31:29.566546,2,2024-10-01 11:05:54.902736,,,
841,,أدوية مرض باركنسون | صيدليات عابدين,السيطرة على مرض باركنسون بأحدث الأدوية من صيدليات عابدين  ,أدوية مرض باركنسون,,medicines-brain-and-nervous-system-parkinsonism,parkinsonism,79,15/79/841/,10405,"<h1 class=""h5"">Brain And Nervous System - Parkinsonism - Order Now</h1><p>Control Parkinson's disease with the latest medications from Abdin Pharmacies.  </p>",2,2022-12-20 11:31:29.566546,2,2024-10-01 11:05:54.902736,,,
842,,أدوية الذهان | صيدليات عابدين,أدوية الذهان لعلاج الحالات النفسية متوفرة في صيدليات عابدين  ,أدوية الذهان,,medicines-brain-and-nervous-system-psychosis,Psychosis,79,15/79/842/,10410,"<h1 class=""h5"">Brain And Nervous System - Psychosis - Order Now</h1><p>Antipsychotic medications for treating mental conditions are available at Abdin Pharmacies.  </p>",2,2022-12-20 11:31:29.566546,2,2024-10-01 11:05:54.902736,,,
843,,أدوية التهاب الأذن | صيدليات عابدين,أدوية التهاب الأذن للحفاظ على صحة السمع متاحة في صيدليات عابدين  ,أدوية التهاب الأذن,,medicines-ear-ear-inflammation,Ear Inflammation,80,15/80/843/,10415,"<h1 class=""h5"">Medicines - Ear - Ear Inflammation - Order Now</h1><p>Ear infection medications to maintain hearing health are available at Abdin Pharmacies.  </p>",2,2022-12-20 11:31:29.566546,2,2024-10-01 11:05:54.902736,,,
844,,أدوية ألم الأذن | صيدليات عابدين,علاج آلام الأذن سريع وفعال بأدوية متخصصة من صيدليات عابدين  ,أدوية ألم الأذن,,medicines-ear-ear-pain,Ear Pain,80,15/80/844/,10420,"<h1 class=""h5"">Medicines - Ear - Ear Pain - Order Now</h1><p>Effective and fast ear pain relief with specialized medications from Abdin Pharmacies.  </p>",2,2022-12-20 11:31:29.566546,2,2024-10-01 11:05:54.902736,,,
845,,أدوية شمع الأذن | صيدليات عابدين,أدوية شمع الأذن للعناية الصحية المتكاملة من صيدليات عابدين  ,أدوية شمع الأذن,,medicines-ear-ear-wax,Ear Wax,80,15/80/845/,10425,"<h1 class=""h5"">Medicines - Ear - Ear Wax - Order Now</h1><p>Ear wax care medications for comprehensive ear health are available at Abdin Pharmacies.  </p>",2,2022-12-20 11:31:29.566546,2,2024-10-01 11:05:54.902736,,,
846,,أدوية حساسية العين | صيدليات عابدين,تخفيف حساسية العين بأدوية مخصصة تجدها في صيدليات عابدين  ,أدوية حساسية العين,,medicines-eye-eye-allergy,Eye Allergy,81,15/81/846/,10430,"<h1 class=""h5"">Medicines - Eye - Eye Allergy - Order Now</h1><p>Relieve eye allergies with specialized medications at Abdin Pharmacies.  </p>",2,2022-12-20 11:31:29.566546,2,2024-10-01 11:05:54.902736,,,
847,,أدوية أمراض العيون | صيدليات عابدين,لعلاج أمراض العيون، صيدليات عابدين تقدم حلولاً موثوقة  ,أدوية أمراض العيون,,medicines-eye-eye-diseases,Eye Diseases,81,15/81/847/,10435,"<h1 class=""h5"">Medicines - Eye - Eye Diseases - Order Now</h1><p>For treating eye diseases, Abdin Pharmacies offers reliable solutions.  </p>",2,2022-12-20 11:31:29.566546,2,2024-10-01 11:05:54.902736,,,
848,,أدوية جفاف العين | صيدليات عابدين,أدوية جفاف العين لترطيب دائم متوفرة في صيدليات عابدين  ,أدوية جفاف العين,,medicines-eye-eye-dryness,Eye Dryness,81,15/81/848/,10440,"<h1 class=""h5"">Medicines - Eye - Eye Dryness - Order Now</h1><p>Eye dryness medications for long-lasting hydration are available at Abdin Pharmacies.</p>",2,2022-12-20 11:31:29.566546,2,2024-10-01 11:05:54.902736,,,
849,,أدوية عدوى العين | صيدليات عابدين,السيطرة على عدوى العين بأدوية فعالة من صيدليات عابدين  ,أدوية عدوى العين,,medicines-eye-eye-infections,Eye Infections,81,15/81/849/,10445,"<h1 class=""h5"">Medicines - Eye - Eye Infections - Order Now</h1><p>Control eye infections with effective medications from Abdin Pharmacies.  </p>",2,2022-12-20 11:31:29.566546,2,2024-10-01 11:05:54.902736,,,
850,,مستحضرات العناية بالوجه | صيدليات عابدين,مستحضرات العناية بالوجه لبشرة صحية ونضرة تجدها في صيدليات عابدين  ,مستحضرات العناية بالوجه,,beauty-face-care-face-care-l3,Face Care,66,11/66/850/,10450,"<h1 class=""h5"">Beauty - Face Care - Face Care - L3 - Order Now</h1><p>Facial care products for healthy and radiant skin can be found at Abdin Pharmacies.  </p>",2,2022-12-20 11:31:29.566546,2,2024-10-01 11:05:54.902736,,,
851,,أجهزة التدليك | صيدليات عابدين,أجهزة التدليك لتجربة استرخاء فريدة متوفرة في صيدليات عابدين  ,أجهزة التدليك,,everyday-essentials-fittness-and-sport-massagers,Massagers,69,12/69/851/,10455,"<h1 class=""h5"">Fittness And Sport - Massagers - Order Now</h1><p>Massage devices for a unique relaxation experience are available at Abdin Pharmacies.  </p>",2,2022-12-20 11:31:29.566546,2,2024-10-01 11:05:54.902736,,,
852,,أدوات رياضية | صيدليات عابدين,أدوات رياضية لتحسين نمط حياتك الصحي تجدها في صيدليات عابدين  ,أدوات رياضية,,everyday-essentials-fittness-and-sport-sport-tools,SPORT TOOLS,69,12/69/852/,10460,"<h1 class=""h5"">Fittness And Sport - Sport Tools - Order Now</h1><p>Sports equipment to enhance your healthy lifestyle is available at Abdin Pharmacies.  </p>",2,2022-12-20 11:31:29.566546,2,2024-10-01 11:05:54.902736,,,
853,,مستحضرات الشعر الاصطناعي | صيدليات عابدين,منتجات الشعر الاصطناعي بأجود الخامات متاحة في صيدليات عابدين  ,مستحضرات الشعر الاصطناعي,,beauty-hair-care-artifacial-hair,ARTIFACIAL HAIR,67,11/67/853/,10465,"<h1 class=""h5"">Beauty - Hair Care - Artifacial Hair - Order Now</h1><p>High-quality synthetic hair products are available at Abdin Pharmacies.  </p>",2,2022-12-20 11:31:29.566546,2,2024-10-01 11:05:54.902736,,,
854,,مستحضرات العناية بالشعر (L3) | صيدليات عابدين,مستحضرات العناية بالشعر المتقدمة (L3) من صيدليات عابدين تمنحك شعراً لامعاً وصحياً  ,مستحضرات العناية بالشعر (L3),,beauty-hair-care-hair-care-l3,hair care (L3),67,11/67/854/,10470,"<h1 class=""h5"">Beauty - Hair Care - Hair Care - L3 - Order Now</h1><p>Advanced hair care products (L3) from Abdin Pharmacies give you shiny and healthy hair.  </p>",2,2022-12-20 11:31:29.566546,2,2024-10-01 11:05:54.902736,,,
855,,مستحضرات صبغة الشعر | صيدليات عابدين,أحدث صبغات الشعر بألوان مميزة تجدها في صيدليات عابدين  ,مستحضرات صبغة الشعر,,beauty-hair-care-hair-dye,Hair Dye,67,11/67/855/,10475,"<h1 class=""h5"">Beauty - Hair Care - Hair Dye - Order Now</h1><p>The latest hair dyes in distinctive colors are available at Abdin Pharmacies.  </p>",2,2022-12-20 11:31:29.566546,2,2024-10-01 11:05:54.902736,,,
856,,مستحضرات تغذية الشعر | صيدليات عابدين,تغذية الشعر بعمق مع مستحضرات مختارة بعناية من صيدليات عابدين  ,مستحضرات تغذية الشعر,,beauty-hair-care-hair-nourishment,Hair Nourishment,67,11/67/856/,10480,"<h1 class=""h5"">Beauty - Hair Care - Hair Nourishment - Order Now</h1><p>Deeply nourish your hair with carefully selected products from Abdin Pharmacies.  </p>",2,2022-12-20 11:31:29.566546,2,2024-10-01 11:05:54.902736,,,
857,,مستحضرات تصفيف الشعر | صيدليات عابدين,منتجات تصفيف الشعر تمنحك إطلالة مثالية متوفرة في صيدليات عابدين  ,مستحضرات تصفيف الشعر,,beauty-hair-care-hair-styling,Hair styling,67,11/67/857/,10485,"<h1 class=""h5"">Beauty - Hair Care - Hair Styling - Order Now</h1><p>Hair styling products for a perfect look are available at Abdin Pharmacies.  </p>",2,2022-12-20 11:31:29.566546,2,2024-10-01 11:05:54.902736,,,
858,,مستحضرات علاج الشعر | صيدليات عابدين,لصحة شعرك، صيدليات عابدين تقدم أفضل مستحضرات علاج الشعر  ,مستحضرات علاج الشعر,,beauty-hair-care-hair-treatment,Hair treatment,67,11/67/858/,10490,"<h1 class=""h5"">Beauty - Hair Care - Hair Treatment - Order Now</h1><p>For your hair's health, Abdin Pharmacies offers the best hair treatment products.  </p>",2,2022-12-20 11:31:29.566546,2,2024-10-01 11:05:54.902736,,,
859,,مستحضرات الشامبو والبلسم | صيدليات عابدين,اختيارك المثالي للشامبو والبلسم من صيدليات عابدين للحفاظ على نعومة شعرك  ,"مستحضرات الشامبو , البلسم",,beauty-hair-care-shampoo-and-conditioner,Shampoo and conditioner,67,11/67/859/,10495,"<h1 class=""h5"">Hair Care - Shampoo And Conditioner - Order Now</h1><p>Your ideal choice of shampoo and conditioner from Abdin Pharmacies to keep your hair soft.  </p>",2,2022-12-20 11:31:29.566546,2,2024-10-01 11:05:54.902736,,,
860,,أدوية النزيف | صيدليات عابدين,لوقف النزيف، أدوية مضمونة وفعالة من صيدليات عابدين  ,أدوية النزيف,,medicines-heart-and-blood-vessels-bleeding,Bleeding,82,15/82/860/,10500,"<h1 class=""h5"">Heart And Blood Vessels - Bleeding - Order Now</h1><p>To stop bleeding, guaranteed and effective medications are available at Abdin Pharmacies.  </p>",2,2022-12-20 11:31:29.566546,2,2024-10-01 11:05:54.902736,,,
861,,أدوية جلطات الدم | صيدليات عابدين,أدوية جلطات الدم للحفاظ على سلامتك متوفرة في صيدليات عابدين  ,أدوية جلطات الدم,,medicines-heart-and-blood-vessels-blood-clots,Blood Clots,82,15/82/861/,10505,"<h1 class=""h5"">Heart And Blood Vessels - Blood Clots - Order Now</h1><p>Blood clot medications to ensure your safety are available at Abdin Pharmacies.  </p>",2,2022-12-20 11:31:29.566546,2,2024-10-01 11:05:54.902736,,,
862,,أدوية الأطفال | صيدليات عابدين,كل ما يحتاجه طفلك من أدوية آمنة متاح في صيدليات عابدين  ,أدوية الأطفال,,medicines-heart-and-blood-vessels-cholesterol-and-triglycerides,Cholesterol And Triglycerides,82,15/82/862/,10510,"<h1 class=""h5"">Heart &amp;Blood - Cholesterol &amp; Triglyceride - Order Now</h1><p>Everything your child needs in safe medications is available at Abdin Pharmacies.  </p>",2,2022-12-20 11:31:29.566546,2,2024-10-01 11:05:54.902736,,,
863,,أدوية أمراض القلب | صيدليات عابدين,أدوية أمراض القلب للعناية الفائقة بصحتك تجدها في صيدليات عابدين  ,أدوية أمراض القلب,,medicines-heart-and-blood-vessels-heart-diseases,Heart Diseases,82,15/82/863/,10515,"<h1 class=""h5"">Heart And Blood Vessels - Heart Diseases - Order Now</h1><p>Heart disease medications for exceptional care of your health can be found at Abdin Pharmacies.  </p>",2,2022-12-20 11:31:29.566546,2,2024-10-01 11:05:54.902736,,,
864,,أدوية ارتفاع ضغط الدم | صيدليات عابدين,السيطرة على ارتفاع ضغط الدم بأدوية مختارة بعناية من صيدليات عابدين,أدوية ارتفاع ضغط الدم,,medicines-heart-and-blood-vessels-hypertension,Hypertension,82,15/82/864/,10520,"<h1 class=""h5"">Heart And Blood Vessels - Hypertension - Order Now</h1><p>Control high blood pressure with carefully selected medications from Abdin Pharmacies.  </p>",2,2022-12-20 11:31:29.566546,2,2024-10-01 11:05:54.902736,,,
865,,أدوية انخفاض ضغط الدم | صيدليات عابدين,علاج انخفاض ضغط الدم بمختلف الأدوية المتخصصة متوفر في صيدليات عابدين  ,أدوية انخفاض ضغط الدم,,medicines-heart-and-blood-vessels-hypotension,Hypotension,82,15/82/865/,10525,"<h1 class=""h5"">Heart And Blood Vessels - Hypotension - Order Now</h1><p>Treat low blood pressure with a variety of specialized medications available at Abdin Pharmacies.  </p>",2,2022-12-20 11:31:29.566546,2,2024-10-01 11:05:54.902736,,,
866,,أدوية اضطرابات الأوعية الدموية | صيدليات عابدين,أدوية فعالة لعلاج اضطرابات الأوعية الدموية تجدها في صيدليات عابدين  ,أدوية اضطرابات الأوعية الدموية,,medicines-heart-and-blood-vessels-vascular-disorders,Vascular Disorders,82,15/82/866/,10530,"<h1 class=""h5"">Heart And Blood - Vascular Disorders - Order Now</h1><p>Effective medications for treating vascular disorders are available at Abdin Pharmacies.  </p>",2,2022-12-20 11:31:29.566546,2,2024-10-01 11:05:54.902736,,,
868,,سلامة الحمام | صيدليات عابدين,مستلزمات سلامة الحمام لحمايتك في المنزل متوفرة في صيدليات عابدين  ,سلامة الحمام,,everyday-essentials-home-patient-care-bath-room-safety,Bath Room Safety,70,12/70/868/,10540,"<h1 class=""h5"">Home Patient Care - Bath Room Safety - Order Now</h1><p>Bathroom safety supplies to protect you at home are available at Abdin Pharmacies.  </p>",2,2022-12-20 11:31:29.566546,2,2024-10-01 11:05:54.902736,,,
869,,معطرات الجسم | صيدليات عابدين,معطرات الجسم برائحة منعشة ومتنوعة من صيدليات عابدين  ,معطرات الجسم,,everyday-essentials-home-patient-care-body-support,Body Support,70,12/70/869/,10545,"<h1 class=""h5"">
Everyday essentials for body support include a range of supplements and wellness products designed to maintain overall health and well-being. These products help support various bodily functions, including immune health, bone strength, joint flexibility, muscle recovery, and overall vitality. Whether you need daily vitamins, minerals, or specialized supplements for specific concerns, these essentials ensure your body gets the necessary nutrients to function optimally. Incorporate them into your routine for enhanced energy, resilience, and overall wellness.

<br></h1>",2,2022-12-20 11:31:29.566546,7971,2025-01-30 07:06:31.154813,,,
870,,مرض السكري | صيدليات عابدين,أدوية متطورة للسيطرة على مرض السكري تجدها في صيدليات عابدين  ,مرض السكري,,everyday-essentials-home-patient-care-diagnostic-tests,Diagnostic Tests,70,12/70/870/,10550,"<h1 class=""h5"">Home Patient Care - Diagnostic Tests - Order Now</h1><p>Advanced medications to control diabetes are available at Abdin Pharmacies.  </p>",2,2022-12-20 11:31:29.566546,2,2024-10-01 11:05:54.902736,,,
871,,العناية بكبار السن | صيدليات عابدين,منتجات العناية بكبار السن لضمان راحتهم من صيدليات عابدين  ,العناية بكبار السن,,everyday-essentials-home-patient-care-geriatric-care,Geriatric Care,70,12/70/871/,10555,"<h1 class=""h5"">Home Patient Care - Geriatric Care - Order Now</h1><p>Elderly care products to ensure their comfort can be found at Abdin Pharmacies.  </p>",2,2022-12-20 11:31:29.566546,2,2024-10-01 11:05:54.902736,,,
872,,كمادات ساخنة وباردة | صيدليات عابدين,كمادات ساخنة وباردة لتخفيف الآلام متوفرة في صيدليات عابدين  ,"كمادات ساخنة , باردة",,everyday-essentials-home-patient-care-hot-and-cold-compress,Hot and Cold Compress,70,12/70/872/,10560,"<h1 class=""h5"">Home Patient Care - Hot And Cold Compress - Order Now</h1><p>Hot and cold compresses for pain relief are available at Abdin Pharmacies.  </p>",2,2022-12-20 11:31:29.566546,2,2024-10-01 11:05:54.902736,,,
873,,الوسائد والمخدات | صيدليات عابدين,الوسائد والمخدات المريحة لراحة نومك تجدها في صيدليات عابدين  ,"الوسائد , المخدات",,everyday-essentials-home-patient-care-pillow-and-cushion,Pillow And Cushion,70,12/70/873/,10565,"<h1 class=""h5"">Home Patient Care - Pillow And Cushion - Order Now</h1><p>Comfortable pillows and cushions for a restful sleep are available at Abdin Pharmacies.  </p>",2,2022-12-20 11:31:29.566546,2,2024-10-01 11:05:54.902736,,,
874,,العناية بالجروح | صيدليات عابدين,مستلزمات العناية بالجروح بمواد معقمة وآمنة من صيدليات عابدين  ,العناية بالجروح,,everyday-essentials-home-patient-care-wound-care,Wound Care,70,12/70/874/,10570,"<h1 class=""h5"">Home Patient Care - Wound Care - Order Now</h1><p>Wound care supplies with sterile and safe materials are available at Abdin Pharmacies.  </p>",2,2022-12-20 11:31:29.566546,2,2024-10-01 11:05:54.902736,,,
875,,أدوية هرمونات الخصوبة | صيدليات عابدين,أدوية هرمونات الخصوبة لتحسين فرص الإنجاب متاحة في صيدليات عابدين  ,أدوية هرمونات الخصوبة,,medicines-hormones-fertility-hormones,Fertility Hormones,83,15/83/875/,10575,"<h1 class=""h5"">Hormones - Fertility Hormones - Order Now</h1><p>Fertility hormone medications to improve your chances of conception are available at Abdin Pharmacies.  </p>",2,2022-12-20 11:31:29.566546,2,2024-10-01 11:05:54.902736,,,
876,,أدوية هرمون النمو | صيدليات عابدين,أدوية هرمون النمو لتعزيز النمو السليم من صيدليات عابدين  ,أدوية هرمون النمو,,medicines-hormones-growth-hormone,Growth Hormone,83,15/83/876/,10580,"<h1 class=""h5"">Medicines - Hormones - Growth Hormone - Order Now</h1><p>Growth hormone medications to promote healthy growth are available at Abdin Pharmacies.  </p>",2,2022-12-20 11:31:29.566546,2,2024-10-01 11:05:54.902736,,,
877,,أدوية هرمون الغدة الدرقية | صيدليات عابدين,أدوية هرمون الغدة الدرقية لضبط مستويات الهرمونات تجدها في صيدليات عابدين  ,أدوية هرمون الغدة الدرقية,,medicines-hormones-thyroid-hormone,Thyroid Hormone,83,15/83/877/,10585,"<h1 class=""h5"">Medicines - Hormones - Thyroid Hormone - Order Now</h1><p>Thyroid hormone medications to regulate hormone levels can be found at Abdin Pharmacies.  </p>",2,2022-12-20 11:31:29.566546,2,2024-10-01 11:05:54.902736,,,
878,,معطرات الجو | صيدليات عابدين,معطرات الجو لتجديد الهواء في منزلك متوفرة في صيدليات عابدين  ,معطرات الجو,,everyday-essentials-hygenic-and-household-products-air-freshener,Air Freshener,71,12/71/878/,10590,"<h1 class=""h5"">Hygenic And Household - Air Freshener - Order Now</h1><p>Air fresheners to refresh the air in your home are available at Abdin Pharmacies.  </p>",2,2022-12-20 11:31:29.566546,2,2024-10-01 11:05:54.902736,,,
879,,المطهرات | صيدليات عابدين,المطهرات الفعالة لتنظيف وتعقيم المنزل من صيدليات عابدين  ,المطهرات,,everyday-essentials-hygenic-and-household-products-antiseptics,Antiseptics,71,12/71/879/,10595,"<h1 class=""h5"">Hygenic And Household - Antiseptics - Order Now</h1><p>Effective disinfectants to clean and sanitize your home are available at Abdin Pharmacies.  </p>",2,2022-12-20 11:31:29.566546,2,2024-10-01 11:05:54.902736,,,
880,,البطاريات | صيدليات عابدين,البطاريات لمختلف الأجهزة الإلكترونية متوفرة في صيدليات عابدين  ,البطاريات,,everyday-essentials-hygenic-and-household-products-batteries,Batteries,71,12/71/880/,10600,"<h1 class=""h5"">Batteries For Health Devices- Order Now</h1><p>Batteries for various electronic devices are available at Abdin Pharmacies.  </p>",2,2022-12-20 11:31:29.566546,2,2024-10-01 11:05:54.902736,,,
881,,الأوراق والمناديل | صيدليات عابدين,الأوراق والمناديل الناعمة لاستخدامك اليومي تجدها في صيدليات عابدين  ,"الأوراق , المناديل",,everyday-essentials-hygenic-and-household-products-papers-and-tissues,Papers And Tissues,71,12/71/881/,10605,"<h1 class=""h5"">Hygenic - Papers And Tissues - Order Now</h1><p>Soft tissues and paper for your daily use can be found at Abdin Pharmacies.  </p>",2,2022-12-20 11:31:29.566546,2,2024-10-01 11:05:54.902736,,,
882,,مكافحة الآفات | صيدليات عابدين,منتجات مكافحة الآفات للحفاظ على منزلك نظيفًا من صيدليات عابدين  ,مكافحة الآفات,,everyday-essentials-hygenic-and-household-products-pests-control,Pests Control,71,12/71/882/,10610,"<h1 class=""h5"">Hygenic And Household - Pests Control - Order Now</h1><p>Pest control products to keep your home clean are available at Abdin Pharmacies.  </p>",2,2022-12-20 11:31:29.566546,2,2024-10-01 11:05:54.902736,,,
883,,أدوية مضادات حيوية | صيدليات عابدين,أدوية المضادات الحيوية الفعالة لعلاج العدوى من صيدليات عابدين  ,أدوية مضادات حيوية,,medicines-infections-anti-biotic,Anti-Biotic,84,15/84/883/,10615,"<h1 class=""h5"">Medicines - Infections - Anti-Biotic - Order Now</h1><p>Effective antibiotics to treat infections are available at Abdin Pharmacies.  </p>",2,2022-12-20 11:31:29.566546,2,2024-10-01 11:05:54.902736,,,
884,,أدوية الفطريات | صيدليات عابدين,أدوية الفطريات لعلاج مشاكل الجلد المختلفة متاحة في صيدليات عابدين  ,أدوية الفطريات,,medicines-infections-fungi,Fungi,84,15/84/884/,10620,"<h1 class=""h5"">Medicines - Infections - Fungi - Order Now</h1><p>Antifungal medications for treating various skin problems are available at Abdin Pharmacies.  </p>",2,2022-12-20 11:31:29.566546,2,2024-10-01 11:05:54.902736,,,
885,,أدوية الملاريا | صيدليات عابدين,أدوية مكافحة الملاريا لحمايتك أثناء السفر تجدها في صيدليات عابدين  ,أدوية الملاريا,,medicines-infections-malaria,Malaria,84,15/84/885/,10625,"<h1 class=""h5"">Medicines - Infections - Malaria - Order Now</h1><p>Malaria prevention medications to protect you while traveling are available at Abdin Pharmacies.  </p>",2,2022-12-20 11:31:29.566546,2,2024-10-01 11:05:54.902736,,,
886,,أدوية الفيروسات | صيدليات عابدين,مضادات الفيروسات الفعالة لعلاج الأمراض الفيروسية من صيدليات عابدين  ,أدوية الفيروسات,,medicines-infections-viruses,Viruses,84,15/84/886/,10630,"<h1 class=""h5"">Medicines - Infections - Viruses - Order Now</h1><p>Effective antiviral medications to treat viral diseases are available at Abdin Pharmacies.  </p>",2,2022-12-20 11:31:29.566546,2,2024-10-01 11:05:54.902736,,,
887,,أدوية الديدان | صيدليات عابدين,أدوية الديدان لصحة الجهاز الهضمي من صيدليات عابدين  ,أدوية الديدان,,medicines-infections-worms,Worms,84,15/84/887/,10635,"<h1 class=""h5"">Medicines - Infections - Worms - Order Now</h1><p>Medications for worms to promote digestive health are available at Abdin Pharmacies.  </p>",2,2022-12-20 11:31:29.566546,2,2024-10-01 11:05:54.902736,,,
888,,أدوية أمراض الكلى | صيدليات عابدين,أدوية لعلاج أمراض الكلى وتحسين وظائفها تجدها في صيدليات عابدين  ,أدوية أمراض الكلى,,medicines-kidney-and-urinary-system-kidney-disease,Kidney Disease,85,15/85/888/,10640,"<h1 class=""h5"">Kidney Disease - Order Now</h1><p>Medications to treat kidney diseases and improve their function are available at Abdin Pharmacies.  </p>",2,2022-12-20 11:31:29.566546,2,2024-10-01 11:05:54.902736,,,
889,,أدوية حصوات الكلى | صيدليات عابدين,حلول فعالة لعلاج حصوات الكلى متوفرة في صيدليات عابدين  ,أدوية حصوات الكلى,,medicines-kidney-and-urinary-system-kidney-stones,Kidney Stones,85,15/85/889/,10645,"<h1 class=""h5"">Kidney And Urinary System - Kidney Stones - Order Now</h1><p>Effective solutions to treat kidney stones are available at Abdin Pharmacies.  </p>",2,2022-12-20 11:31:29.566546,2,2024-10-01 11:05:54.902736,,,
890,,أدوية التهابات المسالك البولية | صيدليات عابدين,أدوية لعلاج التهابات المسالك البولية وتحسين صحتك من صيدليات عابدين  ,أدوية التهابات المسالك البولية,,medicines-kidney-and-urinary-system-urinary-tract-infections,Urinary Tract Infections,85,15/85/890/,10650,"<h1 class=""h5"">Urinary Tract Infections - Order Now</h1><p>Medications for treating urinary tract infections and improving your health from Abdin Pharmacies.  </p>",2,2022-12-20 11:31:29.566546,2,2024-10-01 11:05:54.902736,,,
892,,أدوية الحموضة وحموضة المعدة | صيدليات عابدين,أدوية لعلاج الحموضة وحموضة المعدة لراحة جهازك الهضمي من صيدليات عابدين  ,"أدوية الحموضة , حموضة المعدة",,medicines-liver-and-digestive-system-acidity-and-heart-burn,Acidity And Heart Burn,87,15/87/892/,10660,"<h1 class=""h5"">Liver &amp; Digestive - Acidity &amp; Heart Burn - Order Now</h1><p>Medications for treating acidity and heartburn to ease your digestive system from Abdin Pharmacies.  </p>",2,2022-12-20 11:31:29.566546,2,2024-10-01 11:05:54.902736,,,
893,,أدوية المنظفات | صيدليات عابدين,أدوية المنظفات للعناية الشخصية والعناية بالمنزل من صيدليات عابدين  ,أدوية المنظفات,/web/image/website/1/logo?unique=deaea68,medicines-liver-and-digestive-system-colon-disorders,Colon Disorders,87,15/87/893/,10665,"<h1 class=""h5"">Liver And Digestive - Colon Disorders - Order Now</h1><p>Medications for colon disorders and problems from Abdin Pharmacies.  </p>",2,2022-12-20 11:31:29.566546,2,2024-10-01 11:05:54.902736,,,
894,,أدوية الشعر المصبوغ | صيدليات عابدين,أدوية العناية بالشعر المصبوغ للحفاظ على لونه ولمعانه تجدها في صيدليات عابدين  ,أدوية الشعر المصبوغ,,medicines-liver-and-digestive-system-constipation,Constipation,87,15/87/894/,10670,"<h1 class=""h5"">Liver And Digestive System - Constipation - Order Now</h1><p>Hair care products for dyed hair to maintain its color and shine are available at Abdin Pharmacies.  </p>",2,2022-12-20 11:31:29.566546,2,2024-10-01 11:05:54.902736,,,
895,,أدوية الاكتئاب | صيدليات عابدين,أدوية متطورة لعلاج الاكتئاب وتحسين الحالة النفسية من صيدليات عابدين  ,أدوية الاكتئاب,,medicines-liver-and-digestive-system-diabetes,Diabetes,87,15/87/895/,10675,"<h1 class=""h5"">Liver And Digestive System - Diabetes - Order Now</h1><p>Advanced medications for treating depression and improving mental health from Abdin Pharmacies.  </p>",2,2022-12-20 11:31:29.566546,2,2024-10-01 11:05:54.902736,,,
896,,أدوية الاختبارات التشخيصية | صيدليات عابدين,أدوية الاختبارات التشخيصية لمراقبة صحتك بدقة من صيدليات عابدين  ,أدوية الاختبارات التشخيصية,,medicines-liver-and-digestive-system-diarrhea,Diarrhea,87,15/87/896/,10680,"<h1 class=""h5"">Liver And Digestive System - Diarrhea - Order Now</h1><p>Diagnostic test medications to monitor your health accurately from Abdin Pharmacies.  </p>",2,2022-12-20 11:31:29.566546,2,2024-10-01 11:05:54.902736,,,
897,,أدوية الإسهال | صيدليات عابدين,أدوية فعالة لعلاج الإسهال السريع متوفرة في صيدليات عابدين  ,أدوية الإسهال,,medicines-liver-and-digestive-system-digestion-problems,Digestion Problems,87,15/87/897/,10685,"<h1 class=""h5"">Liver And Digestive - Digestion Problems - Order Now</h1><p>Effective medications for fast diarrhea relief are available at Abdin Pharmacies.  </p>",2,2022-12-20 11:31:29.566546,2,2024-10-01 11:05:54.902736,,,
898,,أدوية اضطرابات الكبد | صيدليات عابدين,أدوية متخصصة لعلاج اضطرابات الكبد وتحسين وظائفه تجدها في صيدليات عابدين  ,أدوية اضطرابات الكبد,,medicines-liver-and-digestive-system-liver-disorders,Liver Disorders,87,15/87/898/,10690,"<h1 class=""h5"">Liver And Digestive - Liver Disorders - Order Now</h1><p>Specialized medications for treating liver disorders and improving its functions from Abdin Pharmacies.  </p>",2,2022-12-20 11:31:29.566546,2,2024-10-01 11:05:54.902736,,,
899,,أدوية القرحة | صيدليات عابدين,علاج القرحة بأدوية مضمونة متاحة في صيدليات عابدين  ,أدوية القرحة,,medicines-liver-and-digestive-system-ulcer,Ulcer,87,15/87/899/,10695,"<h1 class=""h5"">Liver And Digestive System - Ulcer - Order Now</h1><p>Guaranteed ulcer treatment medications are available at Abdin Pharmacies.  </p>",2,2022-12-20 11:31:29.566546,2,2024-10-01 11:05:54.902736,,,
900,,أدوية القيء | صيدليات عابدين,أدوية لعلاج القيء وتخفيف الغثيان من صيدليات عابدين  ,أدوية القيء,,medicines-liver-and-digestive-system-vomiting,Vomiting,87,15/87/900/,10700,"<h1 class=""h5"">Liver And Digestive System - Vomiting - Order Now</h1><p>Medications for treating vomiting and relieving nausea from Abdin Pharmacies.  </p>",2,2022-12-20 11:31:29.566546,2,2024-10-01 11:05:54.902736,,,
908,,أدوية مشاكل الانتصاب | صيدليات عابدين,علاج مشاكل الانتصاب بمنتجات متطورة في صيدليات عابدين  ,أدوية مشاكل الانتصاب,,medicines-men's-health-erection-problems,Erection Problems,88,15/88/908/,10740,"<h1 class=""h5"">Men'S Health - Erection Problems - Order Now</h1><p>Solutions for erectile dysfunction with advanced products at Abdin Pharmacies.  </p>",2,2022-12-20 11:31:29.566546,2,2024-10-01 11:05:54.902736,,,
909,,أدوية مشاكل الهرمونات | صيدليات عابدين,أدوية متخصصة لحل مشاكل الهرمونات تجدها في صيدليات عابدين  ,أدوية مشاكل الهرمونات,,medicines-men's-health-hormone-problems,Hormone Problems,88,15/88/909/,10745,"<h1 class=""h5"">Men'S Health - Hormone Problems - Order Now</h1><p>Specialized medications to solve hormone problems are available at Abdin Pharmacies.  </p>",2,2022-12-20 11:31:29.566546,2,2024-10-01 11:05:54.902736,,,
910,,أدوية صحة الرجال (L3) | صيدليات عابدين,أدوية صحة الرجال (L3) لدعم الصحة الجنسية في صيدليات عابدين  ,أدوية صحة الرجال (L3),,medicines-men's-health-men's-health-l3,MEN'S HEALTH (L3),88,15/88/910/,10750,"<h1 class=""h5"">Men'S Health - Men'S Health - L3 - Order Now</h1><p>Men's health medications (L3) to support sexual health at Abdin Pharmacies.  </p>",2,2022-12-20 11:31:29.566546,2,2024-10-01 11:05:54.902736,,,
911,,أدوية القذف المبكر | صيدليات عابدين,أدوية فعالة لعلاج القذف المبكر متاحة في صيدليات عابدين  ,أدوية القذف المبكر,,medicines-men's-health-premature-ejaculation,Premature Ejaculation,88,15/88/911/,10755,"<h1 class=""h5"">Men'S Health - Premature Ejaculation - Order Now</h1><p>Effective medications for treating premature ejaculation are available at Abdin Pharmacies.  </p>",2,2022-12-20 11:31:29.566546,2,2024-10-01 11:05:54.902736,,,
912,,أدوية صحة البروستاتا | صيدليات عابدين,أدوية لصحة البروستاتا لتعزيز العناية بالصحة العامة من صيدليات عابدين  ,أدوية صحة البروستاتا,,medicines-men's-health-prostate-health,Prostate Health,88,15/88/912/,10760,"<h1 class=""h5"">Men'S Health - Prostate Health - Order Now</h1><p>Prostate health medications to enhance overall health care from Abdin Pharmacies.  </p>",2,2022-12-20 11:31:29.566546,2,2024-10-01 11:05:54.902736,,,
913,,أدوية المنشطات الجنسية | صيدليات عابدين,أدوية المنشطات الجنسية لتعزيز الأداء تجدها في صيدليات عابدين  ,أدوية المنشطات الجنسية,,medicines-men's-health-sexual-tonics,Sexual Tonics,88,15/88/913/,10765,"<h1 class=""h5"">Medicines - Men'S Health - Sexual Tonics - Order Now</h1><p>Sexual enhancement medications to boost performance are available at Abdin Pharmacies.  </p>",2,2022-12-20 11:31:29.566546,2,2024-10-01 11:05:54.902736,,,
914,,مستحضرات الكالسيوم | صيدليات عابدين,مستحضرات الكالسيوم للحفاظ على صحة العظام متوفرة في صيدليات عابدين  ,مستحضرات الكالسيوم,,vitamins-and-supplements-minerals-calcium,CALCIUM,107,18/107/914/,10770,"<h1 class=""h5"">Minerals - Calcium - Order Now</h1><p>Calcium supplements to maintain bone health are available at Abdin Pharmacies.  </p>",2,2022-12-20 11:31:29.566546,2,2024-10-01 11:05:54.902736,,,
915,,المستحضرات العامة | صيدليات عابدين,المستحضرات العامة للعناية الشاملة بصحتك في صيدليات عابدين  ,المستحضرات العامة,,vitamins-and-supplements-minerals-general,General,107,18/107/915/,10775,"<h1 class=""h5"">Minerals - General - Order Now</h1><p>General supplements for comprehensive health care are available at Abdin Pharmacies.  </p>",2,2022-12-20 11:31:29.566546,2,2024-10-01 11:05:54.902736,,,
916,,مستحضرات الحديد | صيدليات عابدين,مستحضرات الحديد لتعزيز مستوى الطاقة في الجسم تجدها في صيدليات عابدين  ,مستحضرات الحديد,,vitamins-and-supplements-minerals-iron,IRON,107,18/107/916/,10780,"<h1 class=""h5"">Minerals - Iron - Order Now</h1><p>Iron supplements to boost energy levels are available at Abdin Pharmacies.  </p>",2,2022-12-20 11:31:29.566546,2,2024-10-01 11:05:54.902736,,,
917,,مستحضرات الزنك | صيدليات عابدين,مستحضرات الزنك لدعم جهاز المناعة متاحة في صيدليات عابدين  ,مستحضرات الزنك,,vitamins-and-supplements-minerals-zinc,ZINC,107,18/107/917/,10785,"<h1 class=""h5"">Minerals - Zinc - Order Now</h1><p>Zinc supplements to support the immune system are available at Abdin Pharmacies.  </p>",2,2022-12-20 11:31:29.566546,2,2024-10-01 11:05:54.902736,,,
918,,أدوات مساعدة على المشي | صيدليات عابدين,أدوات مساعدة على المشي لمساعدتك على الحركة بسهولة من صيدليات عابدين  ,أدوات مساعدة على المشي,,everyday-essentials-mobility-walking-aids,Walking Aids,72,12/72/918/,10790,"<h1 class=""h5"">Mobility - Walking Aids - Order Now</h1><p>Walking aids to help you move easily are available at Abdin Pharmacies.  </p>",2,2022-12-20 11:31:29.566546,2,2024-10-01 11:05:54.902736,,,
919,,الكرسي المتحرك | صيدليات عابدين,الكرسي المتحرك بمرونة عالية لسهولة التنقل من صيدليات عابدين  ,الكرسي المتحرك,,everyday-essentials-mobility-wheel-chair,Wheel Chair,72,12/72/919/,10795,"<h1 class=""h5"">Mobility - Wheel Chair - Order Now</h1><p>Highly flexible wheelchairs for easy mobility are available at Abdin Pharmacies.  </p>",2,2022-12-20 11:31:29.566546,2,2024-10-01 11:05:54.902736,,,
920,,مستحضرات الرضاعة الطبيعية | صيدليات عابدين,مستحضرات الرضاعة الطبيعية لدعم الأمهات المرضعات من صيدليات عابدين  ,مستحضرات الرضاعة الطبيعية,,mom-and-baby-care-mom-care-breast-feeding,Breast Feeding,99,16/99/920/,10800,"<h1 class=""h5"">Mom Care - Breast Feeding - Order Now</h1><p>Breastfeeding products to support nursing mothers are available at Abdin Pharmacies.  </p>",2,2022-12-20 11:31:29.566546,2,2024-10-01 11:05:54.902736,,,
921,,إكسسوارات الأمومة | صيدليات عابدين,إكسسوارات الأمومة لتوفير الراحة خلال فترة الحمل متوفرة في صيدليات عابدين  ,إكسسوارات الأمومة,,mom-and-baby-care-mom-care-maternity-accessories,Maternity Accessories,99,16/99/921/,10805,"<h1 class=""h5"">Mom Care - Maternity Accessories - Order Now</h1><p>Maternity accessories to provide comfort during pregnancy are available at Abdin Pharmacies.  </p>",2,2022-12-20 11:31:29.566546,2,2024-10-01 11:05:54.902736,,,
922,,أدوية العدوى الفطرية | صيدليات عابدين,أدوية لعلاج العدوى الفطرية بفعالية عالية من صيدليات عابدين  ,أدوية العدوى الفطرية,,medicines-mouth-and-throat-fungal-infection,Fungal Infection,89,15/89/922/,10810,"<h1 class=""h5"">Mouth And Throat - Fungal Infection - Order Now</h1><p>Medications to effectively treat fungal infections are available at Abdin Pharmacies.  </p>",2,2022-12-20 11:31:29.566546,2,2024-10-01 11:05:54.902736,,,
923,,أدوية التهاب اللثة | صيدليات عابدين,أدوية التهاب اللثة لعلاج مشاكل الفم الشائعة تجدها في صيدليات عابدين  ,أدوية التهاب اللثة,,medicines-mouth-and-throat-gums-inflammation,Gums Inflammation,89,15/89/923/,10815,"<h1 class=""h5"">Mouth And Throat - Gums Inflammation - Order Now</h1><p>Gum inflammation medications for treating common oral problems are available at Abdin Pharmacies.  </p>",2,2022-12-20 11:31:29.566546,2,2024-10-01 11:05:54.902736,,,
924,,أدوية قرح الفم | صيدليات عابدين,أدوية قرح الفم لتخفيف الألم والتخلص من التقرحات من صيدليات عابدين  ,أدوية قرح الفم,,medicines-mouth-and-throat-mouth-ulcers,Mouth Ulcers,89,15/89/924/,10820,"<h1 class=""h5"">Mouth And Throat - Mouth Ulcers - Order Now</h1><p>Mouth ulcer medications to relieve pain and eliminate sores are available at Abdin Pharmacies.  </p>",2,2022-12-20 11:31:29.566546,2,2024-10-01 11:05:54.902736,,,
925,,أدوية غسول الفم والغرغرة | صيدليات عابدين,أدوية غسول الفم والغرغرة للحفاظ على نظافة الفم من صيدليات عابدين  ,"أدوية غسول الفم , الغرغرة",,medicines-mouth-and-throat-mouth-wash-and-gargle,Mouth Wash And Gargle,89,15/89/925/,10825,"<h1 class=""h5"">Mouth And Throat - Mouth Wash And Gargle - Order Now</h1><p>Mouthwash and gargle medications to maintain oral hygiene are available at Abdin Pharmacies.  </p>",2,2022-12-20 11:31:29.566546,2,2024-10-01 11:05:54.902736,,,
926,,أدوية التهاب الحلق | صيدليات عابدين,أدوية لعلاج التهاب الحلق وتخفيف الأعراض من صيدليات عابدين  ,أدوية التهاب الحلق,,medicines-mouth-and-throat-sore-throat,Sore Throat,89,15/89/926/,10830,"<h1 class=""h5"">Mouth And Throat - Sore Throat - Order Now</h1><p>Throat inflammation medications to relieve symptoms are available at Abdin Pharmacies.  </p>",2,2022-12-20 11:31:29.566546,2,2024-10-01 11:05:54.902736,,,
927,,مستحضرات الأطفال | صيدليات عابدين,مستحضرات العناية بصحة الأطفال متوفرة في صيدليات عابدين  ,مستحضرات الأطفال,,vitamins-and-supplements-multivitamins-babies,BABIES,108,18/108/927/,10835,"<h1 class=""h5"">Multivitamins - Babies - Order Now</h1><p>Children's health care products are available at Abdin Pharmacies.  </p>",2,2022-12-20 11:31:29.566546,2,2024-10-01 11:05:54.902736,,,
928,,مستحضرات الأطفال | صيدليات عابدين,مستحضرات خاصة بالعناية بصحة الأطفال تجدها في صيدليات عابدين  ,مستحضرات الأطفال,,vitamins-and-supplements-multivitamins-children,CHILDREN,108,18/108/928/,10840,"<h1 class=""h5"">Multivitamins - Children - Order Now</h1><p>Special products for children's health care can be found at Abdin Pharmacies.  </p>",2,2022-12-20 11:31:29.566546,2,2024-10-01 11:05:54.902736,,,
930,,أدوية احتقان الأنف | صيدليات عابدين,أدوية لعلاج احتقان الأنف ولتنفس أفضل من صيدليات عابدين  ,أدوية احتقان الأنف,,medicines-nose-nasal-congestion,Nasal Congestion,90,15/90/930/,10850,"<h1 class=""h5"">Medicines - Nose - Nasal Congestion - Order Now</h1><p>Medications for nasal congestion for better breathing are available at Abdin Pharmacies.  </p>",2,2022-12-20 11:31:29.566546,2,2024-10-01 11:05:54.902736,,,
931,,أدوية غسول الأنف | صيدليات عابدين,أدوية غسول الأنف لتنظيف الأنف بعمق من صيدليات عابدين  ,أدوية غسول الأنف,,medicines-nose-nasal-wash,Nasal Wash,90,15/90/931/,10855,"<h1 class=""h5"">Medicines - Nose - Nasal Wash - Order Now</h1><p>Nasal wash medications for deep cleaning of the nose are available at Abdin Pharmacies.  </p>",2,2022-12-20 11:31:29.566546,2,2024-10-01 11:05:54.902736,,,
932,,منتجات العناية بصحة العيون | صيدليات عابدين,منتجات العناية بصحة العيون لحمايتها والمحافظة عليها من صيدليات عابدين  ,منتجات العناية بصحة العيون,,vitamins-and-supplements-nutrition-supplements-eye-supplements,EYE SUPPLEMENTS,109,18/109/932/,10860,"<h1 class=""h5"">Nutrition Supplements - Eye Supplements - Order Now</h1><p>Eye health care products to protect and maintain them are available at Abdin Pharmacies.  </p>",2,2022-12-20 11:31:29.566546,2,2024-10-01 11:05:54.902736,,,
933,,مستحضرات مكملات أوميجا 3 وزيت السمك | صيدليات عابدين,مستحضرات مكملات أوميجا 3 وزيت السمك لتعزيز الصحة العامة من صيدليات عابدين  ,"مستحضرات مكملات أوميجا 3 , زيت السمك",,vitamins-and-supplements-nutrition-supplements-omega-3-and-fish-oil-supplements,OMEGA 3 And FISH OIL SUPPLEMENTS,109,18/109/933/,10865,"<h1 class=""h5"">Omega 3 And Fish Oil Supplements - Order Now</h1><p>Omega-3 and fish oil supplements to promote general health are available at Abdin Pharmacies.  </p>",2,2022-12-20 11:31:29.566546,2,2024-10-01 11:05:54.902736,,,
934,,مستحضرات مكملات الحمل | صيدليات عابدين,مستحضرات مكملات الحمل لدعم صحة الأم والجنين من صيدليات عابدين  ,مستحضرات مكملات الحمل,,vitamins-and-supplements-nutrition-supplements-pregnancy-supplements,PREGNANCY SUPPLEMENTS,109,18/109/934/,10870,"<h1 class=""h5"">Nutrition - Pregnancy Supplements - Order Now</h1><p>Pregnancy supplements to support the health of mother and baby are available at Abdin Pharmacies.  </p>",2,2022-12-20 11:31:29.566546,2,2024-10-01 11:05:54.902736,,,
935,,مستحضرات الجلد والشعر والأظافر المكملات الغذائية | صيدليات عابدين,مستحضرات الجلد، الشعر، والأظافر لتعزيز جمالك وصحتك من صيدليات عابدين  ,"مستحضرات الجلد , الشعر , الأظافر المكملات الغذائية",,vitamins-and-supplements-nutrition-supplements-skin-and-hair--and-nails-supplements,SKIN AND HAIR  AND NAILS SUPPLEMENTS,109,18/109/935/,10875,"<h1 class=""h5"">Skin And Hair  And Nails Supplements - Order Now</h1><p>Skin, hair, and nail supplements to enhance your beauty and health are available at Abdin Pharmacies.  </p>",2,2022-12-20 11:31:29.566546,2,2024-10-01 11:05:54.902736,,,
936,,مكملات زيادة الوزن | صيدليات عابدين,مكملات غذائية لزيادة الوزن بشكل صحي متوفرة في صيدليات عابدين  ,مكملات زيادة الوزن,,vitamins-and-supplements-nutrition-supplements-weight-gain-supplements,WEIGHT GAIN SUPPLEMENTS,109,18/109/936/,10880,"<h1 class=""h5"">Nutrition - Weight Gain Supplements - Order Now</h1><p>Nutritional supplements for healthy weight gain are available at Abdin Pharmacies.  </p>",2,2022-12-20 11:31:29.566546,2,2024-10-01 11:05:54.902736,,,
937,,مكملات إنقاص الوزن | صيدليات عابدين,مكملات إنقاص الوزن لدعم رحلتك في فقدان الوزن من صيدليات عابدين  ,مكملات إنقاص الوزن,,vitamins-and-supplements-nutrition-supplements-weight-loss-supplements,WEIGHT LOSS SUPPLEMENTS,109,18/109/937/,10885,"<h1 class=""h5"">Nutrition - Weight Loss Supplements - Order Now</h1><p>Weight loss supplements to support your weight loss journey are available at Abdin Pharmacies.  </p>",2,2022-12-20 11:31:29.566546,2,2024-10-01 11:05:54.902736,,,
938,,مستحضرات الرضاعة الطبيعية | صيدليات عابدين,مستحضرات الرضاعة الطبيعية للعناية بالأمهات المرضعات من صيدليات عابدين  ,مستحضرات الرضاعة الطبيعية,,personal-care-oral-care-breath-freshner,Breath Freshner,103,17/103/938/,10890,"<h1 class=""h5"">Oral Care - Breath Freshner - Order Now</h1><p>Breastfeeding products for nursing mothers are available at Abdin Pharmacies.  </p>",2,2022-12-20 11:31:29.566546,2,2024-10-01 11:05:54.902736,,,
939,,مستحضرات الشعر المجعد | صيدليات عابدين,مستحضرات الشعر المجعد لتصفيفه بشكل مثالي متاحة في صيدليات عابدين  ,مستحضرات الشعر المجعد,,personal-care-oral-care-dental-care-acessories,Dental Care Acessories,103,17/103/939/,10895,"<h1 class=""h5"">Oral Care - Dental Care Acessories - Order Now</h1><p>Curly hair care products for perfect styling are available at Abdin Pharmacies.  </p>",2,2022-12-20 11:31:29.566546,2,2024-10-01 11:05:54.902736,,,
940,,فرش الأسنان الكهربائية | صيدليات عابدين,فرش الأسنان الكهربائية لتنظيف فعال ومتقدم تجدها في صيدليات عابدين  ,فرش الأسنان الكهربائية,,personal-care-oral-care-electric-toothbrushes,Electric Toothbrushes,103,17/103/940/,10900,"<h1 class=""h5"">Oral Care - Electric Toothbrushes - Order Now</h1><p>Electric toothbrushes for effective and advanced cleaning are available at Abdin Pharmacies.  </p>",2,2022-12-20 11:31:29.566546,2,2024-10-01 11:05:54.902736,,,
941,,مستحضرات غسول الفم | صيدليات عابدين,مستحضرات غسول الفم للحفاظ على انتعاش الفم متوفرة في صيدليات عابدين  ,مستحضرات غسول الفم,,personal-care-oral-care-mouthwash,Mouthwash,103,17/103/941/,10905,"<h1 class=""h5"">Personal Care - Oral Care - Mouthwash - Order Now</h1><p>Mouthwash products to keep your mouth fresh are available at Abdin Pharmacies.  </p>",2,2022-12-20 11:31:29.566546,2,2024-10-01 11:05:54.902736,,,
942,,فرش الأسنان  | صيدليات عابدين,فرش الأسنان بمختلف الأنواع لتنظيف أسنان مثالي من صيدليات عابدين  ,فرش الأسنان ,,personal-care-oral-care-regular-toothbrushes,Regular Toothbrushes,103,17/103/942/,10910,"<h1 class=""h5"">Oral Care - Regular Toothbrushes - Order Now</h1><p>Toothbrushes of various types for perfect cleaning are available at Abdin Pharmacies.  </p>",2,2022-12-20 11:31:29.566546,2,2024-10-01 11:05:54.902736,,,
943,,مستحضرات معاجين الأسنان | صيدليات عابدين,مستحضرات معاجين الأسنان للحفاظ على صحة الأسنان من صيدليات عابدين  ,مستحضرات معاجين الأسنان,,personal-care-oral-care-toothpastes,Toothpastes,103,17/103/943/,10915,"<h1 class=""h5"">Personal Care - Oral Care - Toothpastes - Order Now</h1><p>Toothpaste products to maintain dental health from Abdin Pharmacies.  </p>",2,2022-12-20 11:31:29.566546,2,2024-10-01 11:05:54.902736,,,
944,,عطور السيدات | صيدليات عابدين,عطور السيدات بروائح مميزة تعزز الثقة من صيدليات عابدين  ,عطور السيدات,,personal-care-perfumes-lady-perfumes,Lady perfumes,104,17/104/944/,10920,"<h1 class=""h5"">Personal Care - Perfumes - Lady Perfumes - Order Now</h1><p>Women's perfumes with distinctive scents that boost confidence are available at Abdin Pharmacies.  </p>",2,2022-12-20 11:31:29.566546,2,2024-10-01 11:05:54.902736,,,
945,,مستحضرات عطور الرجال | صيدليات عابدين,مستحضرات عطور الرجال بروائح منعشة تعزز حضورك من صيدليات عابدين  ,مستحضرات عطور الرجال,,personal-care-perfumes-men-perfumes,Men perfumes,104,17/104/945/,10925,"<h1 class=""h5"">Personal Care - Perfumes - Men Perfumes - Order Now</h1><p>Men's perfumes with refreshing fragrances to enhance your presence from Abdin Pharmacies.  </p>",2,2022-12-20 11:31:29.566546,2,2024-10-01 11:05:54.902736,,,
946,,مستحضرات العطور للجنسين | صيدليات عابدين,مستحضرات العطور للجنسين بتركيبات تناسب الجميع من صيدليات عابدين  ,مستحضرات العطور للجنسين,,personal-care-perfumes-unisex-perfumes,Unisex perfumes,104,17/104/946/,10930,"<h1 class=""h5"">Perfumes - Unisex Perfumes - Order Now</h1><p>Unisex perfumes with formulas suitable for everyone are available at Abdin Pharmacies.  </p>",2,2022-12-20 11:31:29.566546,2,2024-10-01 11:05:54.902736,,,
947,,أجهزة العناية بالشعر | صيدليات عابدين,أجهزة العناية بالشعر لتصفيف رائع وحماية من صيدليات عابدين  ,أجهزة العناية بالشعر,,personal-care-personal-care-devices-hair-care-devices,Hair Care Devices,105,17/105/947/,10935,"<h1 class=""h5"">Personal Care Devices - Hair Care Devices - Order Now</h1><p>Hair care devices for perfect styling and protection are available at Abdin Pharmacies.  </p>",2,2022-12-20 11:31:29.566546,2,2024-10-01 11:05:54.902736,,,
948,,أجهزة إزالة الشعر | صيدليات عابدين,أجهزة إزالة الشعر بفعالية وسهولة من صيدليات عابدين  ,أجهزة إزالة الشعر,,personal-care-personal-care-devices-hair-removal-devices,Hair Removal Devices,105,17/105/948/,10940,"<h1 class=""h5"">Personal Care - Hair Removal Devices - Order Now</h1><p>Hair removal devices with efficiency and ease from Abdin Pharmacies.  </p>",2,2022-12-20 11:31:29.566546,2,2024-10-01 11:05:54.902736,,,
949,,أجهزة العناية بالرجال | صيدليات عابدين,أجهزة العناية بالرجال لأفضل روتين للعناية من صيدليات عابدين  ,أجهزة العناية بالرجال,,personal-care-personal-care-devices-men-grooming-devices,Men Grooming Devices,105,17/105/949/,10945,"<h1 class=""h5"">Personal Care - Men Grooming Devices - Order Now</h1><p>Men's grooming devices for the best care routine from Abdin Pharmacies.  </p>",2,2022-12-20 11:31:29.566546,2,2024-10-01 11:05:54.902736,,,
950,,مستحضرات أجهزة العناية بالبشرة | صيدليات عابدين,مستحضرات أجهزة العناية بالبشرة لتعزيز نقاوة بشرتك من صيدليات عابدين  ,مستحضرات أجهزة العناية بالبشرة,,personal-care-personal-care-devices-skin-care-devices,Skin Care Devices,105,17/105/950/,10950,"<h1 class=""h5"">Personal Care Devices - Skin Care Devices - Order Now</h1><p>Skin care devices to enhance your skin's purity are available at Abdin Pharmacies.  </p>",2,2022-12-20 11:31:29.566546,2,2024-10-01 11:05:54.902736,,,
951,,أدوية الربو | صيدليات عابدين,أدوية الربو لعلاج الأزمات التنفسية متوفرة في صيدليات عابدين  ,أدوية الربو,,medicines-respiratory-system-asthma,Asthma,91,15/91/951/,10955,"<h1 class=""h5"">Medicines - Respiratory System - Asthma - Order Now</h1><p>Asthma medications for treating respiratory crises are available at Abdin Pharmacies.  </p>",2,2022-12-20 11:31:29.566546,2,2024-10-01 11:05:54.902736,,,
952,,أدوية معطرات التنفس | صيدليات عابدين,أدوية معطرات التنفس لإزالة الروائح الكريهة من الفم من صيدليات عابدين  ,أدوية معطرات التنفس,,medicines-respiratory-system-breathing-problems,Breathing Problems,91,15/91/952/,10960,"<h1 class=""h5"">Respiratory System - Breathing Problems - Order Now</h1><p>Breath fresheners to remove bad odors from the mouth are available at Abdin Pharmacies.  </p>",2,2022-12-20 11:31:29.566546,2,2024-10-01 11:05:54.902736,,,
953,,أدوية الكورتيكوستيرويدات | صيدليات عابدين,أدوية الكورتيكوستيرويدات لعلاج الالتهابات من صيدليات عابدين  ,أدوية الكورتيكوستيرويدات,,medicines-respiratory-system-cough-and-cold,Cough And Cold,91,15/91/953/,10965,"<h1 class=""h5"">Respiratory System - Cough And Cold - Order Now</h1><p>Corticosteroid medications for treating inflammations are available at Abdin Pharmacies.  </p>",2,2022-12-20 11:31:29.566546,2,2024-10-01 11:05:54.902736,,,
954,,أدوية التهاب الجيوب الأنفية | صيدليات عابدين,أدوية التهاب الجيوب الأنفية لتخفيف الأعراض المزعجة من صيدليات عابدين  ,أدوية التهاب الجيوب الأنفية,,medicines-respiratory-system-sinusitis,Sinusitis,91,15/91/954/,10970,"<h1 class=""h5"">Respiratory System - Sinusitis - Order Now</h1><p>Sinusitis medications to relieve annoying symptoms are available at Abdin Pharmacies.  </p>",2,2022-12-20 11:31:29.566546,2,2024-10-01 11:05:54.902736,,,
955,,أدوية حب الشباب | صيدليات عابدين,أدوية حب الشباب لعلاج البثور وتحسين البشرة من صيدليات عابدين  ,أدوية حب الشباب,,medicines-skin-acne,Acne,92,15/92/955/,10975,"<h1 class=""h5"">Medicines - Skin - Acne - Order Now</h1><p>Acne medications to treat pimples and improve the skin are available at Abdin Pharmacies.  </p>",2,2022-12-20 11:31:29.566546,2,2024-10-01 11:05:54.902736,,,
957,,أدوية الحروق | صيدليات عابدين,أدوية الحروق لعلاج الحروق وتخفيف الآلام من صيدليات عابدين  ,أدوية الحروق,,medicines-skin-burns-and-scars,Burns And Scars,92,15/92/957/,10985,"<h1 class=""h5"">Medicines - Skin - Burns And Scars - Order Now</h1><p>Burn treatment medications to heal burns and relieve pain from Abdin Pharmacies.  </p>",2,2022-12-20 11:31:29.566546,2,2024-10-01 11:05:54.902736,,,
958,,أدوية عدوى الجلد | صيدليات عابدين,أدوية عدوى الجلد لعلاج الالتهابات الفطرية من صيدليات عابدين  ,أدوية عدوى الجلد,,medicines-skin-skin-infection,Skin Infection,92,15/92/958/,10990,"<h1 class=""h5"">Medicines - Skin - Skin Infection - Order Now</h1><p>Medications for skin infections to treat fungal inflammations are available at Abdin Pharmacies.  </p>",2,2022-12-20 11:31:29.566546,2,2024-10-01 11:05:54.902736,,,
959,,أدوية طفح جلدي | صيدليات عابدين,أدوية طفح جلدي لتخفيف الحساسية من صيدليات عابدين  ,أدوية طفح جلدي,,medicines-skin-skin-rash,Skin Rash,92,15/92/959/,10995,"<h1 class=""h5"">Medicines - Skin - Skin Rash - Order Now</h1><p>Rash medications to relieve allergies are available at Abdin Pharmacies.  </p>",2,2022-12-20 11:31:29.566546,2,2024-10-01 11:05:54.902736,,,
960,,أدوية الجروح | صيدليات عابدين,أدوية الجروح لعلاج الجروح وتسريع الشفاء من صيدليات عابدين  ,أدوية الجروح,,medicines-skin-wounds,Wounds,92,15/92/960/,11000,"<h1 class=""h5"">Medicines - Skin - Wounds - Order Now</h1><p>Wound care medications for treating and accelerating healing from Abdin Pharmacies.  </p>",2,2022-12-20 11:31:29.566546,2,2024-10-01 11:05:54.902736,,,
961,,مستحضرات العناية بالجسم | صيدليات عابدين,مستحضرات العناية بالجسم لتنعيم وحماية البشرة من صيدليات عابدين  ,مستحضرات العناية بالجسم,,beauty-skin-care-body-care-l3,Body Care,68,11/68/961/,11005,"<h1 class=""h5"">Beauty - Skin Care - Body Care L3 - Order Now</h1><p>Body care products to soften and protect the skin are available at Abdin Pharmacies.  </p>",2,2022-12-20 11:31:29.566546,2,2024-10-01 11:05:54.902736,,,
962,,مستحضرات العناية بالعين | صيدليات عابدين,مستحضرات العناية بالعين لترطيب وحماية العينين من صيدليات عابدين  ,مستحضرات العناية بالعين,,beauty-skin-care-eye-care,EYE Care,68,11/68/962/,11010,"<h1 class=""h5"">Beauty - Skin Care - Eye Care - Order Now</h1><p>Eye care products to moisturize and protect the eyes are available at Abdin Pharmacies.  </p>",2,2022-12-20 11:31:29.566546,2,2024-10-01 11:05:54.902736,,,
964,,مستحضرات عناية الشفاه | صيدليات عابدين,مستحضرات عناية الشفاه لترطيب الشفاه وحمايتها من صيدليات عابدين  ,مستحضرات عناية الشفاه,,beauty-skin-care-lip-care,Lip Care,68,11/68/964/,11020,"<h1 class=""h5"">Beauty - Skin Care - Lip Care - Order Now</h1><p>Lip care products to moisturize and protect your lips from Abdin Pharmacies.  </p>",2,2022-12-20 11:31:29.566546,2,2024-10-01 11:05:54.902736,,,
965,,مستحضرات علاج الجلد | صيدليات عابدين,مستحضرات علاج الجلد لحماية البشرة من العوامل الضارة من صيدليات عابدين  ,مستحضرات علاج الجلد,,beauty-skin-care-skin-treatment,Skin Treatment,68,11/68/965/,11025,"<h1 class=""h5"">Beauty - Skin Care - Skin Treatment - Order Now</h1><p>Skin treatment products to protect your skin from harmful factors are available at Abdin Pharmacies.  </p>",2,2022-12-20 11:31:29.566546,2,2024-10-01 11:05:54.902736,,,
966,,أدوية الأورام | صيدليات عابدين,أدوية الأورام لعلاج السرطان والوقاية منه متوفرة في صيدليات عابدين  ,أدوية الأورام,,medicines-special-cases-cancer,Cancer,15,15/966/,11030,"<h1 class=""h5"">Medicines - Cancer - Order Now</h1><p>Tumor medications to treat and prevent cancer are available at Abdin Pharmacies.  </p>",2,2022-12-20 11:31:29.566546,2,2024-10-01 11:05:54.902736,,,
967,,أدوية النقرس | صيدليات عابدين,أدوية النقرس لعلاج الالتهابات الناجمة عن تراكم حمض اليوريك | صيدليات عابدين  ,أدوية النقرس,,medicines-special-cases-gout,Gout,15,15/967/,11035,"<h1 class=""h5"">Medicines - Gout - Order Now</h1><p>Gout medications to treat inflammation caused by uric acid buildup from Abdin Pharmacies.  </p>",2,2022-12-20 11:31:29.566546,2,2024-10-01 11:05:54.902736,,,
968,,أدوية البواسير | صيدليات عابدين,أدوية البواسير لتخفيف الألم والتورم | صيدليات عابدين  ,أدوية البواسير,,medicines-special-cases-hemorrhoids,Hemorrhoids,15,15/968/,11040,"<h1 class=""h5"">Medicines - Hemorrhoids - Order Now</h1><p>Hemorrhoid medications to relieve pain and swelling from Abdin Pharmacies.  </p>",2,2022-12-20 11:31:29.566546,2,2024-10-01 11:05:54.902736,,,
969,,أدوية ضعف المناعة | صيدليات عابدين,أدوية ضعف المناعة لتعزيز الدفاعات الطبيعية للجسم | صيدليات عابدين  ,أدوية ضعف المناعة,,medicines-special-cases-low-immunity,low immunity,15,15/969/,11045,"<h1 class=""h5"">Medicines - Low Immunity - Order Now</h1><p>Immune deficiency medications to boost the body's natural defenses are available at Abdin Pharmacies.  </p>",2,2022-12-20 11:31:29.566546,2,2024-10-01 11:05:54.902736,,,
970,,أدوية هشاشة العظام | صيدليات عابدين,أدوية هشاشة العظام للحفاظ على صحة العظام وتقويتها | صيدليات عابدين  ,أدوية هشاشة العظام,,medicines-special-cases-osteoporosis,Osteoporosis,1304,15/1304/970/,11050,"<h1 class=""h5"">Medicines - Osteoporosis - Order Now</h1><p>Osteoporosis medications to maintain and strengthen bone health are available at Abdin Pharmacies.  </p>",2,2022-12-20 11:31:29.566546,7971,2025-01-30 08:09:46.569408,,,
971,,أدوية الروماتويد | صيدليات عابدين,أدوية الروماتويد لتخفيف الالتهابات وأعراض التهاب المفاصل | صيدليات عابدين  ,أدوية الروماتويد,,medicines-special-cases-rheumatoid,Rheumatoid,15,15/971/,11055,"<h1 class=""h5"">Medicines - Rheumatoid - Order Now</h1><p>Rheumatoid medications to relieve inflammation and symptoms of arthritis from Abdin Pharmacies.  </p>",2,2022-12-20 11:31:29.566546,2,2024-10-01 11:05:54.902736,,,
972,,أدوية اللقاحات | صيدليات عابدين,أدوية اللقاحات للوقاية من الأمراض | صيدليات عابدين  ,أدوية اللقاحات,,medicines-special-cases-vaccines,Vaccines,15,15/972/,11060,"<h1 class=""h5"">Medicines - Vaccines - Order Now</h1><p>Vaccines for disease prevention are available at Abdin Pharmacies.  </p>",2,2022-12-20 11:31:29.566546,2,2024-10-01 11:05:54.902736,,,
974,,مزيلات الشعر | صيدليات عابدين,مزيلات الشعر لتخلص من الشعر غير المرغوب فيه بسهولة | صيدليات عابدين  ,مزيلات الشعر,,man-and-woman-woman-care-hair-removers,Hair Removers,75,13/75/974/,11070,"<h1 class=""h5"">Woman Care - Hair Removers - Order Now</h1><p>Hair removal products to easily get rid of unwanted hair from Abdin Pharmacies.  </p>",2,2022-12-20 11:31:29.566546,2,2024-10-01 11:05:54.902736,,,
975,,العناية الحميمة | صيدليات عابدين,العناية الحميمة للحفاظ على النظافة والراحة | صيدليات عابدين  ,العناية الحميمة,,man-and-woman-woman-care-intimate-care,Intimate Care,75,13/75/975/,11075,"<h1 class=""h5"">Woman Care - Intimate Care - Order Now</h1><p>Intimate care products for cleanliness and comfort are available at Abdin Pharmacies.  </p>",2,2022-12-20 11:31:29.566546,2,2024-10-01 11:05:54.902736,,,
976,,العناية الصحية للمرأة | صيدليات عابدين,العناية الصحية للمرأة لدعم صحة المرأة واحتياجاتها | صيدليات عابدين  ,العناية الصحية للمرأة,,man-and-woman-woman-care-woman-sanitary-care,WOMAN SANITARY CARE,75,13/75/976/,11080,"<h1 class=""h5"">Woman Care - Woman Sanitary Care - Order Now</h1><p>Women's health care products to support women's health and needs from Abdin Pharmacies.  </p>",2,2022-12-20 11:31:29.566546,2,2024-10-01 11:05:54.902736,,,
977,,أدوية الإمساك | صيدليات عابدين,أدوية الإمساك لتسهيل الهضم وتحسين حركة الأمعاء | صيدليات عابدين  ,أدوية الإمساك,,medicines-women's-health-contraceptives,Contraceptives,94,15/94/977/,11085,"<h1 class=""h5"">Women'S Health - Contraceptives - Order Now</h1><p>Constipation medications to ease digestion and improve bowel movements from Abdin Pharmacies.  </p>",2,2022-12-20 11:31:29.566546,2,2024-10-01 11:05:54.902736,,,
978,,أدوية الحمل والرضاعة | صيدليات عابدين,أدوية الحمل والرضاعة للعناية بصحة الأم والطفل | صيدليات عابدين  ,"أدوية الحمل , الرضاعة",,medicines-women's-health-pregnancy-and-lactation,Pregnancy And Lactation,94,15/94/978/,11090,"<h1 class=""h5"">Women'S Health - Pregnancy And Lactation - Order Now</h1><p>Pregnancy and breastfeeding medications for the care of the mother and child are available at Abdin Pharmacies.  </p>",2,2022-12-20 11:31:29.566546,2,2024-10-01 11:05:54.902736,,,
980,,أدوية مشاكل المهبل | صيدليات عابدين,أدوية مشاكل المهبل لعلاج الالتهابات والاضطرابات النسائية | صيدليات عابدين  ,أدوية مشاكل المهبل,,medicines-women's-health-vaginal-problems,Vaginal Problems,94,15/94/980/,11100,"<h1 class=""h5"">Women'S Health - Vaginal Problems - Order Now</h1><p>Vaginal disorder medications to treat infections and female disorders from Abdin Pharmacies.  </p>",2,2022-12-20 11:31:29.566546,2,2024-10-01 11:05:54.902736,,,
1181,,مستحضرات مرطبات | صيدليات عابدين,مستحضرات مرطبات لترطيب البشرة ومنحها النعومة | صيدليات عابدين  ,مستحضرات مرطبات,,beauty-skin-care-body-care-l3-moisturizers,Moisturizers,961,11/68/961/1181/,11105,"<h1 class=""h5"">Skin Care - Body Care L3 - Moisturizers - Order Now</h1><p>Moisturizers to hydrate and soften your skin from Abdin Pharmacies.  </p>",2,2022-12-20 11:42:36.249788,2,2024-10-01 11:05:54.902736,,,
1182,,مستحضرات المقشر | صيدليات عابدين,مستحضرات المقشر لتجديد البشرة وإزالة الخلايا الميتة | صيدليات عابدين  ,مستحضرات المقشر,,beauty-skin-care-body-care-l3-scrub,Scrub,961,11/68/961/1182/,11110,"<h1 class=""h5"">Skin Care - Body Care L3 - Scrub - Order Now</h1><p>Exfoliating products to renew your skin and remove dead cells from Abdin Pharmacies.  </p>",2,2022-12-20 11:42:36.249788,2,2024-10-01 11:05:54.902736,,,
1183,,مستحضرات الشيخوخة | صيدليات عابدين,مستحضرات الشيخوخة للحفاظ على شباب البشرة ومحاربة التجاعيد | صيدليات عابدين  ,مستحضرات الشيخوخة,,beauty-face-care-face-care-l3-aging,Aging,850,11/66/850/1183/,11115,"<h1 class=""h5"">Face Care - Face Care - L3 - Aging - Order Now</h1><p>Anti-aging products to preserve youthful skin and fight wrinkles from Abdin Pharmacies.  </p>",2,2022-12-20 11:42:36.249788,2,2024-10-01 11:05:54.902736,,,
1184,,مستحضرات الكولسترول والدهون الثلاثية | صيدليات عابدين,مستحضرات الكولسترول والدهون الثلاثية لتنظيم مستويات الدهون في الجسم | صيدليات عابدين  ,"مستحضرات الكولسترول , الدهون الثلاثية",,beauty-face-care-face-care-l3-cleansers,Cleansers,850,11/66/850/1184/,11120,"<h1 class=""h5"">Face Care - Face Care - L3 - Cleansers - Order Now</h1><p>Cholesterol and triglyceride products to regulate fat levels in the body from Abdin Pharmacies.  </p>",2,2022-12-20 11:42:36.249788,2,2024-10-01 11:05:54.902736,,,
1185,,مستحضرات العناية بالعين | صيدليات عابدين,مستحضرات العناية بالعين لترطيب وحماية العيون | صيدليات عابدين  ,مستحضرات العناية بالعين,,beauty-face-care-face-care-l3-eye-care,Eye Care,850,11/66/850/1185/,11125,"<h1 class=""h5"">Face Care - Face Care - L3 - Eye Care - Order Now</h1><p>Eye care products to moisturize and protect your eyes are available at Abdin Pharmacies.  </p>",2,2022-12-20 11:42:36.249788,2,2024-10-01 11:05:54.902736,,,
1186,,مستحضرات رموش العين والحواجب | صيدليات عابدين,مستحضرات رموش العين والحواجب لتعزيز جمال الرموش والحواجب | صيدليات عابدين  ,"مستحضرات رموش العين , الحواجب",,beauty-face-care-face-care-l3-eye-lashes-and-eye-brows,Eye lashes and eye brows,850,11/66/850/1186/,11130,"<h1 class=""h5"">Face Care - Eye Lashes And Eye Brows - Order Now</h1><p>Eyelash and eyebrow products to enhance the beauty of your lashes and brows are available at Abdin Pharmacies.  </p>",2,2022-12-20 11:42:36.249788,2,2024-10-01 11:05:54.902736,,,
1187,,مستحضرات قناع الوجه | صيدليات عابدين,مستحضرات قناع الوجه لتغذية البشرة وإشراقها | صيدليات عابدين  ,مستحضرات قناع الوجه,,beauty-face-care-face-care-l3-face-mask,face Mask,850,11/66/850/1187/,11135,"<h1 class=""h5"">Face Care - Face Care - L3 - Face Mask - Order Now</h1><p>Face masks to nourish and brighten your skin from Abdin Pharmacies.  </p>",2,2022-12-20 11:42:36.249788,2,2024-10-01 11:05:54.902736,,,
1188,,مستحضرات الانتعاش | صيدليات عابدين,مستحضرات الانتعاش لإعطاء البشرة حيوية وراحة | صيدليات عابدين  ,مستحضرات الانتعاش,,beauty-face-care-face-care-l3-freshness,Freshness,850,11/66/850/1188/,11140,"<h1 class=""h5"">Face Care - Face Care - L3 - Freshness - Order Now</h1><p>Refreshing products to give your skin vitality and comfort are available at Abdin Pharmacies.  </p>",2,2022-12-20 11:42:36.249788,2,2024-10-01 11:05:54.902736,,,
1189,,مستحضرات مرطبات | صيدليات عابدين,مستحضرات مرطبات للحفاظ على رطوبة البشرة طوال اليوم | صيدليات عابدين  ,مستحضرات مرطبات,,beauty-face-care-face-care-l3-moisturizers-face,Moisturizers,850,11/66/850/1189/,11145,"<h1 class=""h5"">Face Care - Moisturizers - Face - Order Now</h1><p>Moisturizers to keep your skin hydrated all day long are available at Abdin Pharmacies.  </p>",2,2022-12-20 11:42:36.249788,2,2024-10-01 11:05:54.902736,,,
1191,,مستحضرات الحماية من الشمس | صيدليات عابدين,مستحضرات الحماية من الشمس للوقاية من أشعة الشمس الضارة | صيدليات عابدين  ,مستحضرات الحماية من الشمس,,beauty-face-care-face-care-l3-sun-protection,Sun Protection,850,11/66/850/1191/,11155,"<h1 class=""h5"">Face Care -Sun Protection - Order Now</h1><p>Sunscreen products to protect against harmful UV rays are available at Abdin Pharmacies.  </p>",2,2022-12-20 11:42:36.249788,2,2024-10-01 11:05:54.902736,,,
1192,,مستحضرات السمرة | صيدليات عابدين,مستحضرات السمرة لمنح البشرة لونًا برونزيًا جذابًا | صيدليات عابدين  ,مستحضرات السمرة,,beauty-face-care-face-care-l3-sun-tan,Sun Tan,850,11/66/850/1192/,11160,"<h1 class=""h5"">Face Care - Face Care - L3 - Sun Tan - Order Now</h1><p>Tanning products to give your skin a beautiful bronze tone are available at Abdin Pharmacies.  </p>",2,2022-12-20 11:42:36.249788,2,2024-10-01 11:05:54.902736,,,
1193,,مستحضرات التونر | صيدليات عابدين,مستحضرات التونر لتوحيد لون البشرة وتنظيفها بعمق | صيدليات عابدين  ,مستحضرات التونر,,beauty-face-care-face-care-l3-toner,Toner,850,11/66/850/1193/,11165,"<h1 class=""h5"">Face Care - Face Care - L3 - Toner - Order Now</h1><p>Toner products for even skin tone and deep cleaning from Abdin Pharmacies.  </p>",2,2022-12-20 11:42:36.249788,2,2024-10-01 11:05:54.902736,,,
1194,,مستحضرات التبييض | صيدليات عابدين,مستحضرات التبييض لتفتيح البشرة وتوحيد لونها | صيدليات عابدين  ,مستحضرات التبييض,,beauty-face-care-face-care-l3-whitenning,whitenning,850,11/66/850/1194/,11170,"<h1 class=""h5"">Face Care - Face Care - L3 - Whitenning - Order Now</h1><p>Whitening products to lighten and even out your skin tone from Abdin Pharmacies.  </p>",2,2022-12-20 11:42:36.249788,2,2024-10-01 11:05:54.902736,,,
1195,,مستحضرات جفاف الشعر | صيدليات عابدين,مستحضرات جفاف الشعر لعلاج الشعر الجاف ومنحه الترطيب اللازم | صيدليات عابدين  ,مستحضرات جفاف الشعر,,beauty-hair-care-hair-dye-dyeing-tools,dyeing tools,855,11/67/855/1195/,11175,"<h1 class=""h5"">Hair Care - Hair Dye - Dyeing Tools - Order Now</h1><p>Dry hair treatments to nourish and hydrate your hair are available at Abdin Pharmacies.  </p>",2,2022-12-20 11:42:36.249788,2,2024-10-01 11:05:54.902736,,,
1196,,مستحضرات أدوات الصبغ | صيدليات عابدين,مستحضرات أدوات الصبغ لتلوين الشعر بطريقة احترافية | صيدليات عابدين  ,مستحضرات أدوات الصبغ,,beauty-hair-care-hair-dye-dyes,dyes,855,11/67/855/1196/,11180,"<h1 class=""h5"">Beauty - Hair Care - Hair Dye - Dyes - Order Now</h1><p>Hair dye tools for professional hair coloring are available at Abdin Pharmacies.  </p>",2,2022-12-20 11:42:36.249788,2,2024-10-01 11:05:54.902736,,,
1197,,مستحضرات الحناء | صيدليات عابدين,مستحضرات الحناء لتلوين الشعر وتغذيته بشكل طبيعي | صيدليات عابدين  ,مستحضرات الحناء,,beauty-hair-care-hair-dye-henna,Henna,855,11/67/855/1197/,11185,"<h1 class=""h5"">Beauty - Hair Care - Hair Dye - Henna - Order Now</h1><p>Henna products to naturally color and nourish your hair are available at Abdin Pharmacies.  </p>",2,2022-12-20 11:42:36.249788,2,2024-10-01 11:05:54.902736,,,
1198,,مستحضرات قناع الشعر | صيدليات عابدين,مستحضرات قناع الشعر لترميم الشعر ومنحه اللمعان | صيدليات عابدين  ,مستحضرات قناع الشعر,,beauty-hair-care-hair-nourishment-hair-mask,Hair mask,856,11/67/856/1198/,11190,"<h1 class=""h5"">Hair Care - Hair Nourishment - Hair Mask - Order Now</h1><p>Hair masks to repair and give shine to your hair from Abdin Pharmacies.  </p>",2,2022-12-20 11:42:36.249788,2,2024-10-01 11:05:54.902736,,,
1199,,مستحضرات زيوت الشعر | صيدليات عابدين,مستحضرات زيوت الشعر لتغذية وتقوية الشعر من الجذور | صيدليات عابدين  ,مستحضرات زيوت الشعر,,beauty-hair-care-hair-nourishment-hair-oils,Hair oils,856,11/67/856/1199/,11195,"<h1 class=""h5"">Hair Care - Hair Nourishment - Hair Oils - Order Now</h1><p>Hair oils to nourish and strengthen hair from the roots are available at Abdin Pharmacies.  </p>",2,2022-12-20 11:42:36.249788,2,2024-10-01 11:05:54.902736,,,
1200,,مستحضرات مصل الشعر | صيدليات عابدين,مستحضرات مصل الشعر لتعزيز صحة الشعر وإصلاحه | صيدليات عابدين  ,مستحضرات مصل الشعر,,beauty-hair-care-hair-nourishment-hair-serum,Hair serum,856,11/67/856/1200/,11200,"<h1 class=""h5"">Hair Care - Hair Nourishment - Hair Serum - Order Now</h1><p>Hair serums to enhance and repair hair health from Abdin Pharmacies.  </p>",2,2022-12-20 11:42:36.249788,2,2024-10-01 11:05:54.902736,,,
1201,,مستحضرات مضادات قمل | صيدليات عابدين,مستحضرات مضادات قمل لعلاج قمل الرأس بفعالية | صيدليات عابدين  ,مستحضرات مضادات قمل,,beauty-hair-care-hair-treatment-anti-lice,Anti Lice,858,11/67/858/1201/,11205,"<h1 class=""h5"">Hair Care - Hair Treatment - Anti Lice - Order Now</h1><p>Anti-lice products to effectively treat head lice from Abdin Pharmacies.  </p>",2,2022-12-20 11:42:36.249788,2,2024-10-01 11:05:54.902736,,,
1202,,مستحضرات مضادات القشرة | صيدليات عابدين,مستحضرات مضادات القشرة للتخلص من قشرة الشعر | صيدليات عابدين  ,مستحضرات مضادات القشرة,,beauty-hair-care-hair-treatment-antidandruff,Antidandruff,858,11/67/858/1202/,11210,"<h1 class=""h5"">Hair Care - Hair Treatment - Antidandruff - Order Now</h1><p>Anti-dandruff products to eliminate dandruff from your hair from Abdin Pharmacies.  </p>",2,2022-12-20 11:42:36.249788,2,2024-10-01 11:05:54.902736,,,
1203,,مستحضرات علاج تساقط الشعر | صيدليات عابدين,مستحضرات علاج تساقط الشعر لدعم نمو الشعر ومنع التساقط | صيدليات عابدين  ,مستحضرات علاج تساقط الشعر,,beauty-hair-care-hair-treatment-hair-loss-treatment,Hair Loss Treatment,858,11/67/858/1203/,11215,"<h1 class=""h5"">Hair Care - Hair Loss Treatment - Order Now</h1><p>Hair loss treatments to support hair growth and prevent shedding from Abdin Pharmacies.  </p>",2,2022-12-20 11:42:36.249788,2,2024-10-01 11:05:54.902736,,,
1204,,مستحضرات مكواة فرد الشعر | صيدليات عابدين,مستحضرات مكواة فرد الشعر لتسهيل عملية فرد الشعر | صيدليات عابدين  ,مستحضرات مكواة فرد الشعر,,beauty-hair-care-hair-treatment-hair-straightener,Hair Straightener,858,11/67/858/1204/,11220,"<h1 class=""h5"">Hair Care - Hair Straightener - Order Now</h1><p>Hair straighteners to make hair straightening easier are available at Abdin Pharmacies.  </p>",2,2022-12-20 11:42:36.249788,2,2024-10-01 11:05:54.902736,,,
1205,,مستحضرات مزيل المكياج | صيدليات عابدين,مستحضرات مزيل المكياج لإزالة المكياج بلطف | صيدليات عابدين  ,مستحضرات مزيل المكياج,,beauty-beauty-care-make-up-makeup-remover,Makeup remover,828,11/65/828/1205/,11225,"<h1 class=""h5"">Beauty Care - Make-Up - Makeup Remover - Order Now</h1><p>Makeup removers to gently cleanse your skin are available at Abdin Pharmacies.  </p>",2,2022-12-20 11:42:36.249788,2,2024-10-01 11:05:54.902736,,,
1206,,مستحضرات طلاء الأظافر | صيدليات عابدين,مستحضرات طلاء الأظافر لتلوين الأظافر بطرق متنوعة | صيدليات عابدين  ,مستحضرات طلاء الأظافر,,beauty-beauty-care-make-up-nail-polish,nail polish,828,11/65/828/1206/,11230,"<h1 class=""h5"">Beauty Care - Make-Up - Nail Polish - Order Now</h1><p>Nail polishes to color your nails in various styles from Abdin Pharmacies.  </p>",2,2022-12-20 11:42:36.249788,2,2024-10-01 11:05:54.902736,,,
1207,,مستحضرات الأظافر | صيدليات عابدين,مستحضرات الأظافر للعناية بالأظافر وتقويتها | صيدليات عابدين  ,مستحضرات الأظافر,,beauty-beauty-care-make-up-nails,Nails,828,11/65/828/1207/,11235,"<h1 class=""h5"">Beauty - Beauty Care - Make-Up - Nails - Order Now</h1><p>Nail care products to strengthen and care for your nails from Abdin Pharmacies.  </p>",2,2022-12-20 11:42:36.249788,2,2024-10-01 11:05:54.902736,,,
1208,,مستحضرات جميع أنواع الشعر | صيدليات عابدين,مستحضرات جميع أنواع الشعر لتلبية احتياجات كل نوع من الشعر | صيدليات عابدين  ,مستحضرات جميع أنواع الشعر,,beauty-hair-care-shampoo-and-conditioner-all-hair-types,All Hair Types,859,11/67/859/1208/,11240,"<h1 class=""h5"">Shampoo And Conditioner - All Hair Types - Order Now</h1><p>Products for all hair types to meet the needs of every hair type from Abdin Pharmacies.  </p>",2,2022-12-20 11:42:36.249788,2,2024-10-01 11:05:54.902736,,,
1209,,مستحضرات القولون الاضطرابات | صيدليات عابدين,مستحضرات القولون الاضطرابات لدعم صحة الجهاز الهضمي | صيدليات عابدين  ,مستحضرات القولون الاضطرابات,,beauty-hair-care-shampoo-and-conditioner-colored-hair,Colored Hair,859,11/67/859/1209/,11245,"<h1 class=""h5"">Shampoo And Conditioner - Colored Hair - Order Now</h1><p>Colon care products to support digestive health from Abdin Pharmacies.  </p>",2,2022-12-20 11:42:36.249788,2,2024-10-01 11:05:54.902736,,,
1210,,مستحضرات السعال ونزلات البرد | صيدليات عابدين,مستحضرات السعال ونزلات البرد لتخفيف الأعراض | صيدليات عابدين  ,"مستحضرات السعال , نزلات البرد",,beauty-hair-care-shampoo-and-conditioner-curly-hair,Curly Hair,859,11/67/859/1210/,11250,"<h1 class=""h5"">Shampoo And Conditioner - Curly Hair - Order Now</h1><p>Cough and cold remedies to relieve symptoms from Abdin Pharmacies.  </p>",2,2022-12-20 11:42:36.249788,2,2024-10-01 11:05:54.902736,,,
1211,,مستحضرات مشاكل الهضم | صيدليات عابدين,مستحضرات مشاكل الهضم لتحسين عملية الهضم | صيدليات عابدين  ,مستحضرات مشاكل الهضم,,beauty-hair-care-shampoo-and-conditioner-dry-hair,Dry Hair,859,11/67/859/1211/,11255,"<h1 class=""h5"">Shampoo And Conditioner - Dry Hair - Order Now</h1><p>Digestive problem solutions to improve digestion are available at Abdin Pharmacies.  </p>",2,2022-12-20 11:42:36.249788,2,2024-10-01 11:05:54.902736,,,
1212,,مستحضرات الشعر الطبيعي | صيدليات عابدين,مستحضرات الشعر الطبيعي للعناية بالشعر بطرق طبيعية | صيدليات عابدين  ,مستحضرات الشعر الطبيعي,,beauty-hair-care-shampoo-and-conditioner-normal-hair,Normal Hair,859,11/67/859/1212/,11260,"<h1 class=""h5"">Shampoo And Conditioner - Normal Hair - Order Now</h1><p>Natural hair care products for healthy hair care options from Abdin Pharmacies.  </p>",2,2022-12-20 11:42:36.249788,2,2024-10-01 11:05:54.902736,,,
1213,,مستحضرات الشعر الدهني | صيدليات عابدين,مستحضرات الشعر الدهني لتنظيم إفراز الزيوت | صيدليات عابدين  ,مستحضرات الشعر الدهني,,beauty-hair-care-shampoo-and-conditioner-oily-hair,Oily Hair,859,11/67/859/1213/,11265,"<h1 class=""h5"">Shampoo And Conditioner - Oily Hair - Order Now</h1><p>Oily hair treatments to control oil secretion are available at Abdin Pharmacies.  </p>",2,2022-12-20 11:42:36.249788,2,2024-10-01 11:05:54.902736,,,
1214,,مستحضرات تصفيف الشعر | صيدليات عابدين,مستحضرات تصفيف الشعر لتثبيت التسريحات والمظهر | صيدليات عابدين  ,مستحضرات تصفيف الشعر,,beauty-hair-care-shampoo-and-conditioner-straightened-hair,Straightened Hair,859,11/67/859/1214/,11270,"<h1 class=""h5"">Shampoo &amp; Conditioner - Straightened Hair - Order Now</h1><p>Hair styling products to set hairstyles and maintain looks from Abdin Pharmacies.  </p>",2,2022-12-20 11:42:36.249788,2,2024-10-01 11:05:54.902736,,,
1217,,مستحضرات مشاكل التنفس | صيدليات عابدين,مستحضرات مشاكل التنفس لدعم صحة الجهاز التنفسي | صيدليات عابدين  ,مستحضرات مشاكل التنفس,,beauty-skin-care-skin-treatment-burns,Burns,965,11/68/965/1217/,11285,"<h1 class=""h5"">Skin Care - Skin Treatment - Burns - Order Now</h1><p>Breathing problem treatments to support respiratory health from Abdin Pharmacies.  </p>",2,2022-12-20 11:42:36.249788,2,2024-10-01 11:05:54.902736,,,
1219,,مستحضرات الندبات | صيدليات عابدين,مستحضرات الندبات لتخفيف مظهر الندبات على البشرة | صيدليات عابدين  ,مستحضرات الندبات,,beauty-skin-care-skin-treatment-scars,Scars,965,11/68/965/1219/,11295,"<h1 class=""h5"">Skin Care - Skin Treatment - Scars - Order Now</h1><p>Scar treatments to reduce the appearance of scars from Abdin Pharmacies.  </p>",2,2022-12-20 11:42:36.249788,2,2024-10-01 11:05:54.902736,,,
1220,,مستحضرات التجاعيد | صيدليات عابدين,مستحضرات التجاعيد لمكافحة علامات الشيخوخة | صيدليات عابدين  ,مستحضرات التجاعيد,,beauty-skin-care-skin-treatment-wrinkles,Wrinkles,965,11/68/965/1220/,11300,"<h1 class=""h5"">Skin Care - Skin Treatment - Wrinkles - Order Now</h1><p>Anti-wrinkle products to combat the signs of aging from Abdin Pharmacies.  </p>",2,2022-12-20 11:42:36.249788,2,2024-10-01 11:05:54.902736,,,
1221,,مستحضرات المساحيق المعطرة | صيدليات عابدين,مستحضرات المساحيق المعطرة لإضفاء رائحة منعشة | صيدليات عابدين  ,مستحضرات المساحيق المعطرة,,personal-care-body-fresheners-scented-powders,Scented Powders,102,17/102/1221/,11305,"<h1 class=""h5"">Body Fresheners - Scented Powders - Order Now</h1><p>Scented powders to add a refreshing fragrance are available at Abdin Pharmacies.  </p>",2,2022-12-23 14:43:13.769401,2,2024-10-01 11:05:54.902736,,,
1222,,العروض | صيدليات عابدين,العروض لتقديم خصومات وعروض مميزة على المنتجات | صيدليات عابدين  ,العروض,,promotions,Home Promo,,1222/,11310,"<h1 class=""h5"">Promotions - Order Now</h1><p>Special offers for discounts and deals on products are available at Abdin Pharmacies.  </p>",2,2023-08-08 14:50:41.045032,7971,2024-10-08 08:34:25.052877,t,t,
1277,,الأكثر مبيعا تجميل | صيدليات عابدين,منتجات التجميل الأكثر مبيعا في صيدليات عابدين,الأكثر مبيعا تجميل,,best-sellers-best-sellers-cosmo,Best Sellers,1279,1279/1277/,11420,"<h1 class=""h5"">Best Sellers - Best Sellers Cosmo - Order Now</h1><p>The best-selling beauty products at Abdeen Pharmacies.</p>",2,2024-09-19 12:09:21.900406,2,2024-10-01 11:05:54.902736,f,f,"70139
54724
100366
99251
92959
76178
70391
23120
53414
7658
"
1278,,الأكثر مبيعاً أدوية | صيدليات عابدين,الأدوية الاكثر مبيعا في صيدليات عابدين,الأكثر مبيعاً أدوية,,best-sellers-best-sellers-medicine,Best Sellers Medicine,1279,1279/1278/,11425,"<h1 class=""h5"">Best Sellers - Best Sellers Medicine - Order Now</h1><p>The best-selling medications at Abdeen Pharmacies.</p>",2,2024-09-19 13:23:51.328841,2,2024-10-01 11:05:54.902736,f,f,"20396
40067
11275
2734
34740
48825
21954
16255
30851
31470
"
1279,,الأكثر مبيعاً | صيدليات عابدين,الاكثر مبيعا في صيدليات عابدين,الأكثر مبيعاً,,best-sellers,Best Sellers,,1279/,11430,"<h1 class=""h5"">Best Sellers - Order Now</h1><p>The most popular products at Abdeen Pharmacies.</p>",2,2024-09-20 15:55:38.443397,2,2024-10-01 11:05:54.902736,f,f,
1301,,Hypnotics – Effective Sleep Aids for Insomnia & Sleep Disorders,"Explore our range of hypnotics designed to improve sleep quality, reduce insomnia, and regulate sleep cycles. Find safe and effective sleep aids for a restful night.","hypnotics, sleep aids, insomnia treatment, sleep disorder medication, sleeping pills, sleep cycle regulation, sedatives, sleep improvement, relaxation supplements, sleep-inducing drugs",,HYPNOTICS,Hypnotics,79,15/79/1301/,11540,"<p>
medications designed to help individuals who struggle with sleep disorders such as insomnia. These drugs work by affecting the central nervous system to promote relaxation, reduce anxiety, and induce sleep. Hypnotics are commonly prescribed for short-term use to improve sleep quality, regulate sleep cycles, and reduce nighttime awakenings.

<br></p>",7971,2025-01-29 12:49:09.128946,7971,2025-01-29 12:49:09.128946,f,f,
1302,,Vitamin D3 Supplements | Essential for Bone & Immune Health,"Boost your bone and immune health with Vitamin D3 supplements. Supports calcium absorption, muscle function, and overall well-being. Shop now for optimal health.","Vitamin D3, cholecalciferol, bone health, immune support, calcium absorption, muscle function, Vitamin D deficiency, strong bones, healthy immune system",,D3,D3,18,18/1302/,11545,"<p>
Vitamin D3, also known as cholecalciferol, is an essential nutrient that plays a crucial role in bone health, immune function, and overall well-being. It helps the body absorb calcium and phosphorus, which are vital for maintaining strong bones and teeth. Vitamin D3 also supports muscle function, reduces inflammation, and contributes to a healthy immune system. Since natural sources of Vitamin D3 are limited to sunlight exposure and certain foods, supplementation is often recommended, especially for individuals with deficiencies.

<br></p>",7971,2025-01-29 13:06:36.629479,7971,2025-01-29 13:06:36.629479,f,f,
1303,,Joint Health | Supplements for Mobility & Flexibility,"Support your joint health with essential supplements. Reduce stiffness, promote flexibility, and maintain strong, healthy joints with premium-quality nutrients.","joint health, joint support, mobility, flexibility, joint pain relief, glucosamine, chondroitin, collagen, MSM, omega-3, arthritis support, cartilage protection",,MEDECINES-JOINT-HEALTH,Joint Health,1304,15/1304/1303/,11550,"<p>
Maintaining healthy joints is essential for mobility, flexibility, and overall well-being. Joint health supplements provide essential nutrients like glucosamine, chondroitin, MSM, collagen, and omega-3 fatty acids, which help support cartilage, reduce stiffness, and promote joint comfort. Whether you're looking to improve flexibility, ease joint discomfort, or prevent long-term wear and tear, these supplements are designed to keep your joints strong and functional. Prioritize your joint health today for an active and pain-free lifestyle.

<br></p>",7971,2025-01-30 08:01:13.025705,7971,2025-01-30 08:09:46.569408,f,f,
1304,,Orthopedics | Bone & Joint Support Solutions,"Discover orthopedic solutions for bone and joint health. Explore braces, supports, mobility aids, and supplements to enhance strength, mobility, and recovery.","orthopedics, bone health, joint support, mobility aids, orthopedic braces, rehabilitation, injury recovery, joint pain relief, musculoskeletal care, bone supplements",,MEDICINES-ORTHOPEDICS,Orthopedics,15,15/1304/,11555,"<p>
Orthopedics focuses on the health of the musculoskeletal system, including bones, joints, ligaments, tendons, and muscles. This category includes a range of products such as orthopedic braces, supports, mobility aids, and supplements designed to enhance bone strength, improve joint function, and aid in injury recovery. Whether you need support for an active lifestyle, rehabilitation after an injury, or relief from joint and bone discomfort, orthopedic solutions provide essential care for maintaining mobility and overall well-being.

<br></p>",7971,2025-01-30 08:06:16.899797,7971,2025-01-30 08:06:16.899797,f,f,
1305,,"Mobility Aids & Supports | Walkers, Braces & Wheelchairs","Find high-quality mobility aids and supports, including canes, crutches, walkers, wheelchairs, and orthopedic braces. Enhance stability, movement, and independence today.","mobility aids, walking canes, crutches, walkers, wheelchairs, orthopedic supports, braces, movement support, rehabilitation, disability assistance",,MEDICINES-ORTHOPEDICS-MOBILITY-AIDS-&-SUPPORTS,Mobility aids & Supports,1304,15/1304/1305/,11560,"<p>
Mobility aids and supports are essential tools designed to enhance movement, stability, and independence for individuals facing mobility challenges. This category includes a wide range of products such as walking canes, crutches, walkers, wheelchairs, braces, and orthopedic supports. Whether recovering from an injury, managing a chronic condition, or seeking extra support for daily activities, these aids help improve mobility, reduce discomfort, and promote a more active and confident lifestyle.

<br></p>",7971,2025-01-30 08:13:12.450932,7971,2025-01-30 08:13:12.450932,f,f,
1306,,Deodorants & Antiperspirants | Long-Lasting Freshness & Protection,"Discover a wide range of deodorants and antiperspirants for all-day freshness and sweat protection. Choose from roll-ons, sprays, sticks, and natural formulas for every skin type.","deodorants, antiperspirants, sweat control, odor protection, roll-on deodorant, spray deodorant, stick deodorant, natural deodorant, long-lasting freshness, underarm care",,DEODRANTS-&-ANTIPERSPIRANTS,Deodrants & Antiperspirants,101,17/101/1306/,11565,"<p>
Stay fresh and confident all day with our range of deodorants and antiperspirants. Designed to combat odor and control sweat, these products offer long-lasting protection while keeping your skin feeling fresh and comfortable. Choose from roll-ons, sprays, sticks, and natural formulas tailored to different skin types and preferences. Whether you need strong sweat protection for active days or a gentle formula for sensitive skin, our selection ensures you stay dry and odor-free.

<br></p>",7971,2025-01-30 11:22:13.503762,7971,2025-01-30 11:22:13.503762,f,f,
1343,,,,,,,Bioxee امبولات,1222,1222/1343/,11750,,1,2025-04-09 20:35:05.017575,1,2026-09-13 12:32:23.419345,,,
1402,,,,,,,Infinity Naturals,1222,1222/1402/,12045,,1,2025-07-02 18:35:05.494259,1,2026-09-13 12:32:23.419345,,,
1430,,,,,,,Dear,1222,1222/1430/,12155,,1,2025-11-09 14:31:44.760204,1,2026-09-13 12:32:23.419345,,,
1431,,,,,,,Limitless,1222,1222/1431/,12160,,7042,2025-11-10 16:22:28.47512,1,2026-09-13 12:32:23.419345,,,
1432,,,,,,,Azha بروموباك,1222,1222/1432/,12165,,7042,2025-11-12 14:29:57.878203,1,2026-09-13 12:32:23.419345,,,
1433,,,,,,,Conceal To Correct,1222,1222/1433/,12170,,7042,2025-11-12 14:31:13.293908,1,2026-09-13 12:32:23.419345,,,
1434,,,,,,,G-DOUX,1222,1222/1434/,12175,,7042,2025-11-12 14:33:01.477883,1,2026-09-13 12:32:23.419345,,,
1435,,,,,,,Medinza,1222,1222/1435/,12180,,7042,2025-11-12 14:34:35.122861,1,2026-09-13 12:32:23.419345,,,
1436,,,,,,,Bluebell Remo,1222,1222/1436/,12185,,7042,2025-11-12 14:35:25.420051,1,2026-09-13 12:32:23.419345,,,
1437,,,,,,,BLUEBELL,1222,1222/1437/,12190,,7042,2025-11-12 14:48:47.239002,1,2026-09-13 12:32:23.419345,,,
1438,,,,,,,Tettello,1222,1222/1438/,12195,,7042,2025-11-12 14:49:52.960932,1,2026-09-13 12:32:23.419345,,,
1439,,,,,,,Twist And Go,1222,1222/1439/,12200,,7042,2025-11-12 14:51:33.411233,1,2026-09-13 12:32:23.419345,,,
1440,,,,,,,Senator,1222,1222/1440/,12205,,7042,2025-11-12 14:53:13.079934,1,2026-09-13 12:32:23.419345,,,
1441,,,,,,,Youlicious,1222,1222/1441/,12210,,7042,2025-11-12 14:55:06.457068,1,2026-09-13 12:32:23.419345,,,
1442,,,,,,,Appe,1222,1222/1442/,12215,,7042,2025-11-12 14:56:57.550552,1,2026-09-13 12:32:23.419345,,,
1443,,,,,,,Infinity,1222,1222/1443/,12220,,7042,2025-11-12 15:07:23.515628,1,2026-09-13 12:32:23.419345,,,
1445,,,,,,,Acti-Colla Advance,1222,1222/1445/,12230,,1,2025-12-13 20:32:11.260579,1,2026-09-13 12:32:23.419345,,,
1446,,,,,,,Argazon,1222,1222/1446/,12235,,1,2025-12-13 20:32:11.260579,1,2026-09-13 12:32:23.419345,,,
1447,,,,,,,Argento,1222,1222/1447/,12240,,1,2025-12-13 20:32:11.260579,1,2026-09-13 12:32:23.419345,,,
1448,,,,,,,Azha,1222,1222/1448/,12245,,1,2025-12-13 20:32:11.260579,1,2026-09-13 12:32:23.419345,,,
1449,,,,,,,Caviaro,1222,1222/1449/,12250,,1,2025-12-13 20:32:11.260579,1,2026-09-13 12:32:23.419345,,,
1450,,,,,,,Coddly,1222,1222/1450/,12255,,1,2025-12-13 20:32:11.260579,1,2026-09-13 12:32:23.419345,,,
1451,,,,,,,Akonesta & Milchy,1222,1222/1451/,12260,,1,2025-12-19 22:31:38.376096,1,2026-09-13 12:32:23.419345,,,
1452,,,,,,,Kolagra Men roll on,1222,1222/1452/,12265,,1,2026-02-25 14:32:15.133884,1,2026-09-13 12:32:23.419345,,,
1453,,,,,,,kolagra,1222,1222/1453/,12270,,1,2026-02-25 14:32:15.133884,1,2026-09-13 12:32:23.419345,,,
1454,,,,,,,Avrelle,1222,1222/1454/,12275,,1,2026-02-25 16:32:13.887412,1,2026-09-13 12:32:23.419345,,,
1455,,,,,,,Bebem,1222,1222/1455/,12280,,1,2026-02-25 16:32:13.887412,1,2026-09-13 12:32:23.419345,,,
1456,,,,,,,Bel Clinic,1222,1222/1456/,12285,,1,2026-02-25 16:32:13.887412,1,2026-09-13 12:32:23.419345,,,
1457,,,,,,,Good Care حفاضات,1222,1222/1457/,12290,,1,2026-02-25 16:32:13.887412,1,2026-09-13 12:32:23.419345,,,
1458,,,,,,,Hydrensa,1222,1222/1458/,12295,,1,2026-02-25 16:32:13.887412,1,2026-09-13 12:32:23.419345,,,
1459,,,,,,,Molfix,1222,1222/1459/,12300,,1,2026-02-25 16:32:13.887412,1,2026-09-13 12:32:23.419345,,,
1460,,,,,,,Molped,1222,1222/1460/,12305,,1,2026-02-25 16:32:13.887412,1,2026-09-13 12:32:23.419345,,,
1461,,,,,,,Uneliver,1222,1222/1461/,12310,,1,2026-02-25 16:32:13.887412,1,2026-09-13 12:32:23.419345,,,
1462,,,,,,,Glovive,1222,1222/1462/,12315,,1,2026-03-05 12:32:15.657037,1,2026-09-13 12:32:23.419345,,,
1463,,,,,,,LUXURY BEAUTY,1222,1222/1463/,12320,,1,2026-03-07 12:32:15.357988,1,2026-09-13 12:32:23.419345,,,
1464,,,,,,,Luxury,1222,1222/1464/,12325,,1,2026-03-07 12:32:15.357988,1,2026-09-13 12:32:23.419345,,,
1465,,,,,,,skin,,1465/,12330,,7971,2026-03-26 09:08:35.084206,7971,2026-03-26 09:08:35.084206,,,
1466,,,,,,,zink,,1466/,12335,,7971,2026-03-26 10:23:43.808665,7971,2026-03-26 10:23:43.808665,,,
1467,,,,,,,Alejon,1222,1222/1467/,12340,,7042,2026-04-06 15:49:07.90457,1,2026-09-13 12:32:23.419345,,,
1468,,,,,,,Alpa Pharma,1222,1222/1468/,12345,,7042,2026-04-06 15:49:07.90457,1,2026-09-13 12:32:23.419345,,,
1469,,,,,,,Alpa Pharma بروموباك,1222,1222/1469/,12350,,7042,2026-04-06 15:49:07.90457,1,2026-09-13 12:32:23.419345,,,
1470,,,,,,,BG,1222,1222/1470/,12355,,7042,2026-04-06 15:49:07.90457,1,2026-09-13 12:32:23.419345,,,
1471,,,,,,,Kolagra roll on,1222,1222/1471/,12360,,7042,2026-04-06 15:49:07.90457,1,2026-09-13 12:32:23.419345,,,
1472,,,,,,,Sosandy,1222,1222/1472/,12365,,7042,2026-04-06 15:49:07.90457,1,2026-09-13 12:32:23.419345,,,
1473,,,,,,,Spire,1222,1222/1473/,12370,,7042,2026-04-06 15:49:07.90457,1,2026-09-13 12:32:23.419345,,,
1474,,,,,,,Telofill,1222,1222/1474/,12375,,7042,2026-04-06 15:49:07.90457,1,2026-09-13 12:32:23.419345,,,
1475,,,,,,,youlicious Vitamins,1222,1222/1475/,12380,,7042,2026-04-06 15:49:07.90457,1,2026-09-13 12:32:23.419345,,,
1476,,,,,,,Belclinic,1222,1222/1476/,12385,,7042,2026-05-03 12:17:24.696232,1,2026-09-13 12:32:23.419345,,,
1477,,,,,,,Bioxee,1222,1222/1477/,12390,,7042,2026-05-03 12:17:24.696232,1,2026-09-13 12:32:23.419345,,,
1478,,,,,,,Dear Roll on,1222,1222/1478/,12395,,7042,2026-05-03 12:17:24.696232,1,2026-09-13 12:32:23.419345,,,
1479,,,,,,,Melatime,1222,1222/1479/,12400,,7042,2026-05-03 12:17:24.696232,1,2026-09-13 12:32:23.419345,,,
1480,,,,,,,Nano Treat,1222,1222/1480/,12405,,7042,2026-05-03 12:17:24.696232,1,2026-09-13 12:32:23.419345,,,
1481,,,,,,,Root To End,1222,1222/1481/,12410,,7042,2026-05-03 12:17:24.696232,1,2026-09-13 12:32:23.419345,,,
1482,,,,,,,Skinside,1222,1222/1482/,12415,,7042,2026-05-03 12:17:24.696232,1,2026-09-13 12:32:23.419345,,,
1483,,,,,,,Twist & Go,1222,1222/1483/,12420,,7042,2026-05-03 12:17:24.696232,1,2026-09-13 12:32:23.419345,,,
1484,,,,,,,Argazone,1222,1222/1484/,12425,,1,2026-05-03 12:32:39.865384,1,2026-09-13 12:32:23.419345,,,
1485,,,,,,,Capixy White,1222,1222/1485/,12430,,1,2026-05-03 12:32:39.865384,1,2026-09-13 12:32:23.419345,,,
1486,,,,,,,Cosmocare,1222,1222/1486/,12435,,1,2026-05-03 12:32:39.865384,1,2026-09-13 12:32:23.419345,,,
1487,,,,,,,Vacation Sun,1222,1222/1487/,12440,,7042,2026-05-03 12:41:04.091339,1,2026-09-13 12:32:23.419345,,,
1488,,,,,,,vacation,1222,1222/1488/,12445,,7042,2026-05-03 12:41:04.091339,1,2026-09-13 12:32:23.419345,,,
1489,,,,,,,Bioderma Photoderm,1222,1222/1489/,12450,,1,2026-05-06 12:32:33.255086,1,2026-09-13 12:32:23.419345,,,
1490,,,,,,,Dermactive,1222,1222/1490/,12455,,1,2026-05-06 22:32:22.080202,1,2026-09-13 12:32:23.419345,,,
1491,,,,,,,Liply,1222,1222/1491/,12460,,1,2026-05-06 22:32:22.080202,1,2026-09-13 12:32:23.419345,,,
1492,,,,,,,Little Tickle,1222,1222/1492/,12465,,1,2026-05-06 22:32:22.080202,1,2026-09-13 12:32:23.419345,,,
1493,,,,,,,Nina,1222,1222/1493/,12470,,1,2026-05-06 22:32:22.080202,1,2026-09-13 12:32:23.419345,,,
1494,,,,,,,Anaredency,1222,1222/1494/,12475,,1,2026-05-17 16:33:04.084985,1,2026-09-13 12:32:23.419345,,,
1495,,,,,,,Appe sun,1222,1222/1495/,12480,,7042,2026-05-17 16:40:51.367302,1,2026-09-13 12:32:23.419345,,,
1496,,,,,,,LIPLY LIP BALM,1222,1222/1496/,12485,,1,2026-05-17 18:32:13.017897,1,2026-09-13 12:32:23.419345,,,
1497,,,,,,,Little Tickle منتجات اطفال,1222,1222/1497/,12490,,1,2026-05-17 18:32:13.017897,1,2026-09-13 12:32:23.419345,,,
1498,,,,,,,Medinza Daky & Kolanog,1222,1222/1498/,12495,,1,2026-05-17 18:32:13.017897,1,2026-09-13 12:32:23.419345,,,
1499,,,,,,,No-Wawa Cream,1222,1222/1499/,12500,,1,2026-05-17 18:32:13.017897,1,2026-09-13 12:32:23.419345,,,
1500,,,,,,,She Daisy,1222,1222/1500/,12505,,1,2026-05-17 18:32:13.017897,1,2026-09-13 12:32:23.419345,,,
1501,,,,,,,Toffee,1222,1222/1501/,12510,,1,2026-05-17 18:32:13.017897,1,2026-09-13 12:32:23.419345,,,
1502,,,,,,,Youlicious Vitamin,1222,1222/1502/,12515,,1,2026-05-17 18:32:13.017897,1,2026-09-13 12:32:23.419345,,,
1503,,,,,,,medinza See Lit,1222,1222/1503/,12520,,1,2026-05-17 18:32:13.017897,1,2026-09-13 12:32:23.419345,,,
1504,,,,,,,Vitamins And Supplements / Minerals,,1504/,12525,,17389,2026-05-24 10:52:10.503627,17389,2026-05-24 10:52:10.503627,,,
1505,,,,,,,Medicines / Pain Relief / Muscle And Joint Pain,,1505/,12530,,17389,2026-05-24 10:53:20.087263,17389,2026-05-24 10:53:20.087263,,,
1506,,,,,,,Medicines / Liver And Digestive System / Digestion Problems,,1506/,12535,,17389,2026-05-24 11:04:39.493421,17389,2026-05-24 11:04:39.493421,,,
1507,,,,,,,Medicines / Respiratory System / Asthma,,1507/,12540,,17389,2026-05-24 11:04:50.308895,17389,2026-05-24 11:04:50.308895,,,
1508,,,,,,,Medicines / Respiratory System / Cough And Cold,,1508/,12545,,17389,2026-05-24 12:24:30.477534,17389,2026-05-24 12:24:30.477534,,,
1509,,,,,,,medical earrings / piercing earrings,,1509/,12550,,17389,2026-05-24 13:15:51.067966,17389,2026-05-24 13:15:51.067966,,,
1510,,,,,,,Medicines / Oncology,,1510/,12555,,17389,2026-05-25 07:40:51.394256,17389,2026-05-25 07:40:51.394256,,,
1511,,,,,,,Medicines / Liver And Digestive System / Hyperacidity,,1511/,12560,,17389,2026-06-01 07:55:12.216674,17389,2026-06-01 07:55:12.216674,,,
1512,,,,,,,B G Prodacts,1222,1222/1512/,12565,,7042,2026-06-04 17:22:12.259697,1,2026-09-13 12:32:23.419345,,,
1513,,,,,,,BLUEBELL Bioxee,1222,1222/1513/,12570,,7042,2026-06-04 17:22:12.259697,1,2026-09-13 12:32:23.419345,,,
1514,,,,,,,BoonKids,1222,1222/1514/,12575,,1,2026-06-04 18:33:01.779009,1,2026-09-13 12:32:23.419345,,,
1515,,,,,,,Dear Rollon,1222,1222/1515/,12580,,1,2026-06-04 18:33:01.779009,1,2026-09-13 12:32:23.419345,,,
1516,,,,,,,Dermactive Sun,1222,1222/1516/,12585,,1,2026-06-04 18:33:01.779009,1,2026-09-13 12:32:23.419345,,,
1517,,,,,,,Genius Aqua Gel,1222,1222/1517/,12590,,1,2026-06-04 18:33:01.779009,1,2026-09-13 12:32:23.419345,,,
1518,,,,,,,High-Do Gel,1222,1222/1518/,12595,,1,2026-06-04 18:33:01.779009,1,2026-09-13 12:32:23.419345,,,
1519,,,,,,,Jiva Cleanser,1222,1222/1519/,12600,,1,2026-06-04 20:32:24.783537,1,2026-09-13 12:32:23.419345,,,
1520,,,,,,,Limitless Blance Synbiotic,1222,1222/1520/,12605,,1,2026-06-04 20:32:24.783537,1,2026-09-13 12:32:23.419345,,,
1521,,,,,,,Limitless Chromax Cut,1222,1222/1521/,12610,,1,2026-06-04 20:32:24.783537,1,2026-09-13 12:32:23.419345,,,
1522,,,,,,,Limitless Digest Now,1222,1222/1522/,12615,,1,2026-06-04 20:32:24.783537,1,2026-09-13 12:32:23.419345,,,
1523,,,,,,,Limitless Kids Gummes,1222,1222/1523/,12620,,1,2026-06-04 20:32:24.783537,1,2026-09-13 12:32:23.419345,,,
1524,,,,,,,Limitless Kids Syrup 140ml,1222,1222/1524/,12625,,1,2026-06-04 20:32:24.783537,1,2026-09-13 12:32:23.419345,,,
1525,,,,,,,Limitless Lactase,1222,1222/1525/,12630,,1,2026-06-04 20:32:24.783537,1,2026-09-13 12:32:23.419345,,,
1526,,,,,,,Luxury sun & roll on,1222,1222/1526/,12635,,1,2026-06-04 20:32:24.783537,1,2026-09-13 12:32:23.419345,,,
1527,,,,,,,Mela Off Exfoliating Cream,1222,1222/1527/,12640,,1,2026-06-04 20:32:24.783537,1,2026-09-13 12:32:23.419345,,,
1528,,,,,,,Perimetro,1222,1222/1528/,12645,,1,2026-06-04 20:32:24.783537,1,2026-09-13 12:32:23.419345,,,
1529,,,,,,,Premier,1222,1222/1529/,12650,,1,2026-06-04 20:32:24.783537,1,2026-09-13 12:32:23.419345,,,
1530,,,,,,,Scent,1222,1222/1530/,12655,,1,2026-06-04 20:32:24.783537,1,2026-09-13 12:32:23.419345,,,
1531,,,,,,,Shine & White Serum,1222,1222/1531/,12660,,1,2026-06-04 20:32:24.783537,1,2026-09-13 12:32:23.419345,,,
1532,,,,,,,Skin Side,1222,1222/1532/,12665,,1,2026-06-04 20:32:24.783537,1,2026-09-13 12:32:23.419345,,,
1533,,,,,,,Sway,1222,1222/1533/,12670,,1,2026-06-04 20:32:24.783537,1,2026-09-13 12:32:23.419345,,,
1534,,,,,,,Carefree,1222,1222/1534/,12675,,1,2026-06-14 22:32:25.482633,1,2026-09-13 12:32:23.419345,,,
1535,,,,,,,Johnson Baby,1222,1222/1535/,12680,,1,2026-06-14 22:32:25.482633,1,2026-09-13 12:32:23.419345,,,
1536,,,,,,,Limitless Power Max,1222,1222/1536/,12685,,1,2026-06-14 22:32:25.482633,1,2026-09-13 12:32:23.419345,,,
1537,,,,,,,Limitless Sleep Aid Film,1222,1222/1537/,12690,,1,2026-06-14 22:32:25.482633,1,2026-09-13 12:32:23.419345,,,
1538,,,,,,,Limitless Sleep Aid dual tab,1222,1222/1538/,12695,,1,2026-06-14 22:32:25.482633,1,2026-09-13 12:32:23.419345,,,
1539,,,,,,,BG  اصناف مختارة,1222,1222/1539/,12700,,1,2026-07-06 16:32:34.626612,1,2026-09-13 12:32:23.419345,,,
1540,,,,,,,Blankie,1222,1222/1540/,12705,,1,2026-07-06 16:32:34.626612,1,2026-09-13 12:32:23.419345,,,
1541,,,,,,,Capixy Red,1222,1222/1541/,12710,,1,2026-07-06 16:32:34.626612,1,2026-09-13 12:32:23.419345,,,
1542,,,,,,,Grow Line,1222,1222/1542/,12715,,1,2026-07-06 16:32:34.626612,1,2026-09-13 12:32:23.419345,,,
1543,,,,,,,Happiness,1222,1222/1543/,12720,,1,2026-07-06 16:32:34.626612,1,2026-09-13 12:32:23.419345,,,
1544,,,,,,,Shine & White,1222,1222/1544/,12725,,1,2026-07-06 16:32:34.626612,1,2026-09-13 12:32:23.419345,,,
1545,,,,,,,Sofil Life,1222,1222/1545/,12730,,1,2026-07-06 16:32:34.626612,1,2026-09-13 12:32:23.419345,,,
1546,,,,,,,Sunny Comfort,1222,1222/1546/,12735,,1,2026-07-06 16:32:34.626612,1,2026-09-13 12:32:23.419345,,,
1547,,,,,,,Vitamins And Supplements / Multivitamins,,1547/,12740,,17389,2026-07-13 09:47:35.273494,17389,2026-07-13 09:47:35.273494,,,
1548,,,,,,,Vitamins And Supplements / D3,,1548/,12745,,17389,2026-07-13 09:47:55.203231,17389,2026-07-13 09:47:55.203231,,,
1549,,,,,,,WEGOVY,1222,1222/1549/,12750,,1,2026-07-29 16:31:55.249587,1,2026-09-13 12:32:23.419345,,,
1550,,,,,,,BG اصناف مختارة,1222,1222/1550/,12755,,1,2026-08-09 06:31:51.426733,1,2026-09-13 12:32:23.419345,,,
1551,,,,,,,Bluebell (malinda-dago-rozalia),1222,1222/1551/,12760,,1,2026-08-09 06:31:51.426733,1,2026-09-13 12:32:23.419345,,,
1552,,,,,,,Bluebell Elone,1222,1222/1552/,12765,,1,2026-08-09 06:31:51.426733,1,2026-09-13 12:32:23.419345,,,
1553,,,,,,,Alejon Sun & roll on,1222,1222/1553/,12770,,1,2026-09-11 00:33:16.489084,1,2026-09-13 12:32:23.419345,,,
1554,,,,,,,Cleo,1222,1222/1554/,12775,,1,2026-09-11 00:33:16.489084,1,2026-09-13 12:32:23.419345,,,
